ID,category,product_title,product_ribbon,product_prev_price,product_curr_price,product_app_price,product_weight,weight_gm,weight_ml
0,combo,Valene Moon n Back Wireless T-Shirt Bra Combo,COMBO,1750.0,1399.0,,,,
1,combo,Mediker Safelife Combo Pack 370ml (Pump + Refill),COMBO,170.0,136.0,,,,
2,combo,Mediker SafeLife Hand Wash Refill Combo Pack (170ml X 2pcs),COMBO,130.0,97.0,,,,
3,combo,Fogg Scent Czar 30ml (2 pieces Combo),COMBO,520.0,421.0,,,,
4,combo,Fogg Scent Tycoon 30ml (2 pieces Combo),COMBO,520.0,421.0,,,,
5,combo,Studio X Clean & Fresh Soap For Men Combo Pack (125gm x 3),COMBO,195.0,171.0,,,,
6,combo,Couple Combo (Face Wash) - Studio X Brightening Facewash for Men 100ml & Parachute SkinPure Goat Milk Brightening Facewash (Glow) 100gm,COMBO,410.0,314.0,,,,
7,combo,Couple Combo (Face Wash) - Studio X Oil Clear Facewash for Men 100ml & Parachute SkinPure Aloe Vera Brightening Facewash (Oil Control) 100gm,COMBO,410.0,320.0,,,,
8,combo,Parachute Hair Oil Anti Hairfall Oil Extra Care 300ml (Root Applier) Pack of 2 (300ml X 2),COMBO,590.0,540.0,,,,
9,combo,Parachute Anti Hairfall Oil Extra Care 150ml & Parachute Naturale Shampoo Advanced Hair Fall Control 175ml Combo,COMBO,400.0,358.0,,,,
10,combo,ANTI HAIR-FALL BUNDLE - Parachute Anti Hairfall Oil Extra Care 300ml (Root Applier) & Parachute Naturale Shampoo Hijab Fresh 340ml,COMBO,625.0,503.0,,,,
11,combo,Kesh King Hair Fall Defense Combo,COMBO,770.0,590.0,,,,
12,combo,Wazih mesta solution combo,COMBO,1050.0,870.0,,210gm,210.0,
13,combo,Nihar Anti Hairfall 5 Seeds Hair Oil 200ml & Parachute Naturale Shampoo Anti Hair Fall 340ml Combo,COMBO,590.0,418.0,,,,
14,combo,Fogg Body spray Women (Paradise) 120ml  COMBO Offer,COMBO,890.0,599.0,,,,
15,combo,Parachute Just for Baby - Face Cream 100g Pack of 2 Combo (100ml x 2),COMBO,450.0,317.0,,,,
16,combo,Couple Combo (Shampoo) - Studio X Clean & Strong Shampoo for Men 175ml & Parachute Naturale Shampoo Anti Hair Fall 170ml,COMBO,450.0,304.0,,,,
17,combo,Mediker SafeLife Hand Wash Pump Combo Pack (200ml X 2pcs),COMBO,210.0,178.0,,,,
18,combo,Fogg Scent Prince 30ml (2 pieces Combo),COMBO,520.0,421.0,,,,
19,combo,Fogg Scent Sultan 30ml (2 pieces Combo),COMBO,520.0,410.0,,,,
20,combo,Dettol Handwash Re-Energize Ph Balanced Liquid Soap Pump 200ml + 170ml Refil Combo Protects From 100 Illness Causing Germs,COMBO,185.0,169.0,,,,
21,combo,Mediker SafeLife Hand Wash Pump Combo Pack (200ml X 2pcs),COMBO,210.0,178.0,,,,
22,combo,Parachute Anti Hairfall Oil Extra Care 300ml & Parachute Naturale Shampoo Advanced Hair Fall Control 345ml Combo,COMBO,685.0,548.0,,,,
23,combo,ANTI HAIR-FALL BUNDLE - Parachute Anti Hairfall Oil Extra Care 300ml (Root Applier) & Parachute Naturale Shampoo Anti Hair Fall 340ml,COMBO,665.0,499.0,,,,
24,combo,Nihar Anti Hairfall 5 Seeds Hair Oil 200ml & Parachute Naturale Shampoo Hijab Fresh 340ml Combo,COMBO,560.0,378.0,,,,
25,combo,WOW Skin Science Apple Cider Vinegar Shampoo 300ml and WOW Skin Science Apple Cider Vinegar Conditioner 300ml Combo,COMBO,2198.0,1648.0,,,,
26,combo,Parachute Hair Oil Advansed Aloe Vera Enriched Coconut 150ml Pack of 2 (150ml x 2),COMBO,330.0,264.0,,,,
27,combo,Hair Care Bundle - Livon Hair Serum 100ml & Parachute Naturale Onion Shampoo 175ml,COMBO,715.0,465.0,,,,
28,combo,Couple Combo (Shampoo) - Studio X Anti Dandruff Shampoo for Men 355ml & Parachute Naturale Shampoo Nourishing Care 340ml,COMBO,800.0,635.0,,,,
29,combo,Parachute Hair Oil Advansed Aloe Vera Enriched Coconut 250ml Pack of 2 (250ml x 2),COMBO,490.0,392.0,,,,
30,combo,Studio X Clean & Fresh Soap For Men Combo Pack (75gm x 4),COMBO,200.0,180.0,,,,
31,combo,Wazih Glowing facial combo,COMBO,1450.0,1200.0,,210gm,210.0,
32,combo,Wazih acne and pimple remover combo,COMBO,750.0,620.0,,110gm,110.0,
33,combo,Parachute SkinPure Skin Lotion Deep Moisture 300ml (100ml Lotion Free),BUY 1 GET 1,,320.0,,300ml,,300.0
34,combo,White Tone face Powder -30gm + White Tone face Cream -25gm COMBO Offer,COMBO,,249.0,,,,
35,combo,Groome's Good Deal 1 (Get Two packet of Groome Charcoal Nose strips 6 pcs & Save TK 80),COMBO,,270.0,,,,
36,combo,Johnson's Baby Lotion 100ml + Johnson's Baby Soap 50 gm,COMBO,,299.0,,,,
37,combo,Johnson's Baby TTT Bath 200 ml + Johnson's Baby Oil 100ml,COMBO,,530.0,,,,
38,combo,Nivea Shower Gel Water Lily & Oil and Face Wash Total Face Cleanup Combo (71Tk Off),COMBO,,799.0,,,,
39,combo,Dabur Almond Hair Oil (Pack of 3),COMBO,,330.0,,,,
40,combo,Dabur Methi Amla Non-Sticky Hair Oil (Pack of 3),COMBO,,225.0,,,,
41,combo,Dabur Gold Beliphool Coconut Hair Oil (Pack of 3),COMBO,,225.0,,,,
42,combo,Dabur Almond Hair Oil (Pack of 3),COMBO,,330.0,,,,
43,combo,Dabur Methi Amla Non-Sticky Hair Oil (Pack of 3),COMBO,,225.0,,,,
44,combo,Dabur Gold Beliphool Coconut Hair Oil (Pack of 3),COMBO,,225.0,,,,
45,combo,Dabur Red Toothpaste  (Pack of 3),COMBO,,120.0,,,,
46,combo,Dabur Herb'l Intense Fresh Gel Toothpaste (Pack of 3),COMBO,,225.0,,,,
47,combo,Lifebuoy Handwash Soap Total Refill 170ml (Combo Pack),COMBO,,130.0,,,,
48,combo,Lifebuoy Handwash (Soap) Lemon Fresh Refill 170ml (Combo Pack),COMBO,,130.0,,,,
49,combo,Lifebuoy Handwash (Soap) Total Refill 170ml (Combo Pack),COMBO,,130.0,,,,
50,combo,Lifebuoy Skin Cleansing Soap Bar Care (Combo Pack),COMBO,,88.0,,,,
51,combo,Lux Soap Bar Soft Glow 100g (Combo Pack),COMBO,,100.0,,,,
52,combo,Johnson's Baby Lotion 100ml + Johnson's Baby Soap 50 gm,COMBO,,299.0,,,,
53,combo,Johnson's Baby TTT Bath 200 ml + Johnson's Baby Oil 100ml,COMBO,,530.0,,,,
54,combo,Groome's Good Deal 3 (Get Two packet of Groome Tea Tree Nose Strips 6 pcs & Save TK 80),COMBO,,270.0,,,,
55,combo,Aromer. Skincare  Combo (Cleanser+Toner+Serum),COMBO,,2349.0,,,,
56,combo,Lifebuoy Skin Cleansing Soap Bar Total 100g (Combo Pack),COMBO,,88.0,,,,
57,combo,Skinpro Acne Clearing Combo (Ultimate Acne Gel + Acne Clearing Gel Cleanser),COMBO,,299.0,,,,
58,combo,Freyias Weekly Peeling Milk Face Wash 100ml & Divas Secret Intimate Brightening Solution 50 ml Combo,COMBO,,449.0,,,,
59,combo,Freyias Weekly Peeling Aloe Vera Face Wash 100ml & Divas Secret Intimate Brightening Solution 50 ml Combo,COMBO,,449.0,,,,
60,combo,Lavino Charcoal Mask Infused With Tea Tree Oil 50.0 gm And Finorio Silicon Applicator Combo Offer,COMBO,,335.0,,,,
61,combo,Lavino Thanaka Mask With Vitamin - E 50.0 gm And Finorio Silicon Mask Applicator Combo Offer,COMBO,,335.0,,,,
62,combo,She Is Cool Perfume 50ml & Deodorant 150ml Gift Set,COMBO,,1290.0,,200ml,,200.0
63,combo,Lux Soap Bar Soft Glow 100g (Combo Pack),COMBO,,100.0,,,,
64,combo,Johnson's Baby Lotion 100ml + Johnson's Baby Soap 50 gm,COMBO,,299.0,,,,
65,combo,Johnson's Baby TTT Bath 200 ml + Johnson's Baby Oil 100ml,COMBO,,530.0,,,,
66,combo,Groome's Good Deal 3 (Get Two packet of Groome Tea Tree Nose Strips 6 pcs & Save TK 80),COMBO,,270.0,,,,
67,combo,Lavino Charcoal Mask Infused With Tea Tree Oil 50.0 gm And Finorio Silicon Applicator Combo Offer,COMBO,,335.0,,,,
68,combo,Lavino Thanaka Mask With Vitamin - E 50.0 gm And Finorio Silicon Mask Applicator Combo Offer,COMBO,,335.0,,,,
69,combo,Lifebuoy Skin Cleansing Soap Bar Total 100g (Combo Pack),COMBO,,88.0,,,,
70,combo,Aromer. Skincare  Combo (Cleanser+Toner+Serum),COMBO,,2349.0,,,,
71,combo,Organikare Skincare Combo 1,COMBO,,400.0,,,,
72,combo,Organikare Skincare Combo 3,COMBO,,420.0,,,,
73,combo,She Is Cool Perfume 50ml & Deodorant 150ml Gift Set,COMBO,,1290.0,,200ml,,200.0
74,combo,She Is Love Perfume 50ml & Deodorant 150ml Gift Set,COMBO,,1290.0,,200ml,,200.0
75,combo,Skinpro Acne Clearing Combo (Ultimate Acne Gel + Acne Clearing Gel Cleanser),COMBO,,299.0,,,,
76,combo,Freyias Weekly Peeling Milk Face Wash 100ml & Divas Secret Intimate Brightening Solution 50 ml Combo,COMBO,,449.0,,,,
77,combo,Freyias Weekly Peeling Aloe Vera Face Wash 100ml & Divas Secret Intimate Brightening Solution 50 ml Combo,COMBO,,449.0,,,,
78,combo,Nicka K Non-latex Airbrush 3 Combo,COMBO,,550.0,,,,
79,combo,Lifebuoy Handwash (Soap) Care Refill 170ml (Combo Pack),COMBO,,130.0,,,,
80,combo,Exactive EQ Impulse Blood Glucose Meter and EXACTIVE EQ Glucose Test Strips 25pcs Combo Offer,COMBO,,1050.0,,,,
81,combo,Beardo Combo - Ultra Glow Face Cream 60g & Activated Charcoal Face Wash 100ml,COMBO,,1198.0,,,,
82,combo,Beardo Combo - Hair Growth Vitalizer Shampoo 200ml & Xxtra Strong Hold Hair Wax 100g,COMBO,,2148.0,,,,
83,combo,Beardo Combo - GodFather Perfume 100ml & Xxtra Strong Hold Hair Wax 100g,COMBO,,2898.0,,,,
84,combo,Nicka K Airbrush 2 Combo,COMBO,,500.0,,,,
85,combo,Beardo Combo - Ultra Glow Facewash 100ml & Ultra Glow Face Cream 60g,COMBO,,1248.0,,,,
86,combo,She Is Clubber Perfume 50ml & Deodorant 150ml Gift Set,COMBO,,1290.0,,200ml,,200.0
87,combo,Prem Dulhan Mehandi 2PCS Combo,SOLD OUT,59.0,49.0,,,,
88,combo,Couple Combo (Face Cream) - Studio X Power Brightening Cream 60gm & Glo-On Pink Glow Cream 50gm,SOLD OUT,350.0,241.0,,,,
89,combo,Parachute Advansed Onion Hair Growth Oil 200ml & Parachute Naturale Shampoo Onion Hair Fall Control 345ml Combo,SOLD OUT,570.0,399.0,,,,
90,combo,WOW Skin Science Red Onion Black Seed Oil Shampoo 300ml and WOW Skin Science Onion Red Seed Oil Conditioner 300ml Combo,SOLD OUT,2198.0,1648.0,,,,
91,combo,Couple Combo (Shampoo) - Studio X Clean & Strong Shampoo for Men 355ml & Parachute Naturale Shampoo Anti Hair Fall 340ml,SOLD OUT,720.0,440.0,,,,
92,combo,Parachute Naturale Shampoo Anti Hair Fall 340ml & Parachute Advansed Onion Enriched Coconut Hair Growth Oil 200ml Combo,SOLD OUT,550.0,357.0,,,,
93,combo,"Dettol Soap (75g X 4) Pack Of 4 Variants- Original, Skincare, Cool, Fresh",SOLD OUT,225.0,199.0,,,,
94,combo,Studio X Facecare Combo - Studio X Brightening Facewash for Men 50ml & Studio X Power Brightening Cream 60gm,SOLD OUT,320.0,224.0,,,,
95,combo,Studio X Facecare Combo - Studio X Oil Clear Facewash for Men 50ml & Studio X Power Brightening Cream 60gm,SOLD OUT,320.0,240.0,,,,
96,combo,Dettol Handwash (170ml X 2) Re-Energize Ph Balanced Liquid Soap Refill Protects From 100 Illness Causing Germs,SOLD OUT,150.0,129.0,,,,
97,combo,WOW Skin Science Moroccan Argan Oil Shampoo 300ml and WOW Skin Science Moroccan Argan Oil Conditioner 300ml Combo,SOLD OUT,2198.0,1648.0,,,,
98,combo,NIVEA Soft Cream Berry Blossom 25ml & Lip Balm Fruity 10gm Combo,SOLD OUT,190.0,95.0,,,,
99,combo,Mediker SafeLife Soap Bar Combo Pack (100gm X 3pcs),SOLD OUT,144.0,130.0,,,,
100,combo,Mediker SafeLife Soap Bar Combo Pack (75gm X 4pcs),SOLD OUT,152.0,130.0,,,,
101,combo,Groome Green Clay Oil Control Face Wash 100 ml With Groome Acne Clear & Pore Minimizing Treatment 15 ml Combo Pack,SOLD OUT,735.0,499.0,,,,
102,combo,NIVEA Soft Cream Chilled Mint 25ml & Lip Balm Essential 10gm Combo,SOLD OUT,190.0,95.0,,,,
103,combo,Total Skin Care Combo Offer ( Pond's Super Light Gel with Hyaluronic Acid + Vitamin E 25.0 ml+Rajkonna Rice Water Facial Scrub With Tangerine Extract  100.0 ml + Groome Black Head Remover Charcoal Nose strips(Monthly Pack) 6 pcs +Skin Cafe Brightening Mask 70.0 gm),SOLD OUT,,450.0,,,,
104,combo,Parachute SkinPure Skin Lotion Natural Moisture 300ml (100ml Body Lotion Free),SOLD OUT,,290.0,,300ml,,300.0
105,combo,Lavino Charcoal Mask Infused With Tea Tree Oil 50.0 gm And Lavino Milk Brightening Face Wash 100.0 ml Valetines Special Combo,SOLD OUT,,350.0,,,,
106,combo,Ujjwala care Anti Hairfall herbal Hair Oil & Shampoo combo,SOLD OUT,,350.0,,,,
107,combo,Nivea Fresh Natural Body Spray & Energy Fresh Roll On Combo (81tk Off),SOLD OUT,,579.0,,,,
108,combo,Dabur Meswak Toothpaste  (Pack of 3),SOLD OUT,,120.0,,,,
109,combo,Nivea Fresh Active Body Spray & Brightening Roll On Combo (81tk Off),SOLD OUT,,579.0,,,,
110,combo,Free Chorki Subscription- Dettol Shower Gel Skincare Rose & Sakura Blossom 8 Hour Long Lasting Moisture Antibacterial Bodywash (3 Day Subscription),SOLD OUT,,200.0,,250ml,,250.0
111,combo,Groome Glutathione + Alpha Arbutin +HA Brightening Serum 30.0 ml and Groome Glow Lip Balm With SPF 15 - Sweet Sunrise 30.0 gm Combo Pack,SOLD OUT,,699.0,,,,
112,combo,Odonil Natural Air Freshener Block Orchid Dew (Buy 2 Get 1 Free) 75 gm,SOLD OUT,,140.0,,,,
113,combo,Free Chorki Subscription- Dettol Shower Gel Lasting Fresh Melon & Cucumber Fragrance 12 Hour Long Lasting Odour Protection Antibacterial Bodywash (3 Day Subscription),SOLD OUT,,200.0,,250ml,,250.0
114,combo,Red King Men's Cooling Oil  (2.5ml X 24 pcs),SOLD OUT,,48.0,,,,
115,combo,Perfect Match Combo Offer 6 ( Rajkonna Brightening Body Lotion + Lavino Pure Olive Oil ),SOLD OUT,,499.0,,,,
116,combo,Parachute SkinPure Skin Lotion Natural Moisture 200ml (50ml Parachute Petroleum Jelly Free),SOLD OUT,,210.0,,200ml,,200.0
117,combo,Beardo Combo - GodFather Beard Oil 30ml & GodFather Perfume 100ml,SOLD OUT,,2798.0,,,,
118,combo,Nivea Fresh Active Body Spray & Cool Kick Roll On Combo (81tk Off),SOLD OUT,,660.0,,,,
119,combo,Nivea Face Wash Milk Delights  Honey 100ml and Soft Cream Chilled Mint 25ml Combo,SOLD OUT,,352.0,,,,
120,combo,Simple Refreshing Facial Wash & Simple De-Stress Sheet Mask Combo Offer,SOLD OUT,,499.0,,,,
121,combo,Shower Essentials Combo (Lux Body Wash French Rose & Almond + Tresemme Colour Revitalise Vibrant Colour Protection Shampoo),SOLD OUT,,325.0,,,,
122,combo,Dabur Amla Hair Oil (Pack of 5),SOLD OUT,,100.0,,,,
123,combo,Buy 1 Dabur Almond Hair Oil & Get 1 Gulabari Rose Water 120 ml,SOLD OUT,,230.0,,,,
124,combo,NIVEA Soft Skin Moisturizing Cream Playful Peach 100ml & Nivea Face Wash Total Face Cleanup 114g Combo Offer,SOLD OUT,,675.0,,,,
125,combo,Kaveri Mehedi Cone Rich Color - 3 Cone,SOLD OUT,,150.0,,,,
126,combo,"Simple De-stress, Rich Moisture and Hydrating Sheet Mask 3*23ml",SOLD OUT,,450.0,,,,
127,combo,Glow and Lovely Soap Bar Multani Mati 100gX3 Multipack,SOLD OUT,,120.0,,,,
128,combo,Dove Oxyegen Moisture Combo Pack,SOLD OUT,,500.0,,,,
129,combo,Dove Hair Fall Rescue Combo Pack,SOLD OUT,,480.0,,,,
130,combo,Nivea Men Body Spray Fresh Active 150ml Combo Offer,SOLD OUT,,525.0,,,,
131,combo,Nivea Men Shower Gel Energy 250ml & Dark Spot Reduction Creme 30ml Combo Offer,SOLD OUT,,540.0,,,,
132,combo,Odonil Natural Air Freshener Block Hanger (Buy 2 Get 1 Free): Jasmine + Lavender + Mystic Rose 50 gm,SOLD OUT,,150.0,,,,
133,combo,Nivea Fresh Natural Body Spray & Energy Fresh Roll On Combo (81tk Off),SOLD OUT,,660.0,,,,
134,combo,Beardo Combo - Beard & Hair Growth Oil 50ml & GodFather Perfume 100ml,SOLD OUT,,3498.0,,,,
135,combo,Beardo Combo - Xxtra Strong Hold Hair Wax 100g & DeTan Coffee Face Wash 100ml,SOLD OUT,,1848.0,,,,
136,combo,NIVEA Soft Skin Moisturizing Cream Chilled Mint 100ml & Nivea Face Wash Total Face Cleanup 114g Combo Offer,SOLD OUT,,675.0,,,,
137,combo,Show Your Style COMBO 2 (Pastel Eye Shadow Set Bohemian +  Ziaja Brightening Cream),SOLD OUT,,1249.0,,,,
138,combo,Show Your Style COMBO 1 (Pastel Eye Shadow Set Artsy +  Ziaja Brightening Cream),SOLD OUT,,1249.0,,,,
139,combo,Simple Refreshing Facial Wash & Simple Hydrating Sheet Mask Combo Offer,SOLD OUT,,499.0,,,,
140,combo,Nivea Female Shower Gel Combo Pack - Fresh Pure and Frangipani & Oil,SOLD OUT,,500.0,,,,
141,combo,Groome Skin Regenerist Brightening & Moisturizing Cream 50.0 gm and Groome Birds Nest Brightening Face Wash 100.0 ml Combo Offer,SOLD OUT,,799.0,,,,
142,combo,WOW Skin Science Himalayan Rose Shampoo 300ml and WOW Skin Science Himalayan Rose Conditioner 300ml Combo,SOLD OUT,,1398.0,,,,
143,combo,Nivea Face Wash Milk Delights Saffron 100ml and Soft Cream Berry Blossom 25ml Combo,SOLD OUT,,352.0,,,,
144,combo,Vaseline Lip Therapy Aloe Care & Rosy Lips Combo Offer 2* 4.8gm,SOLD OUT,,380.0,,,,
145,combo,AXE Signature Body Deodorant Intense & Mysterious Combo Offer 2*122ml,SOLD OUT,,760.0,,,,
146,combo,Rexona Men Roll on & AXE Signature Body Deodorant Combo Offer,SOLD OUT,,555.0,,,,
147,combo,Dove Hair Fall Rescue Combo Pack,SOLD OUT,,480.0,,,,
148,combo,Beardo Combo - Beard & Hair Growth Oil 50ml & GodFather Perfume 100ml,SOLD OUT,,3498.0,,,,
149,combo,Beardo Combo - Xxtra Strong Hold Hair Wax 100g & DeTan Coffee Face Wash 100ml,SOLD OUT,,1848.0,,,,
150,combo,Vaseline Lip Therapy Aloe Care & Rosy Lips Combo Offer 2* 4.8gm,SOLD OUT,,380.0,,,,
151,combo,AXE Signature Body Deodorant Intense & Mysterious Combo Offer 2*122ml,SOLD OUT,,760.0,,,,
152,combo,Rexona Men Roll on & AXE Signature Body Deodorant Combo Offer,SOLD OUT,,555.0,,,,
153,combo,Groome's Good Deal 4 ( Groome Beauty Blender bundle),SOLD OUT,,270.0,,,,
154,combo,Simple Refreshing Facial Wash & Simple Hydrating Sheet Mask Combo Offer,SOLD OUT,,499.0,,,,
155,combo,Nivea Female Shower Gel Combo Pack - Fresh Pure and Frangipani & Oil,SOLD OUT,,500.0,,,,
156,combo,Nivea Fresh Natural Body Spray & Energy Fresh Roll On Combo (81tk Off),SOLD OUT,,660.0,,,,
157,combo,Groome Skin Regenerist Brightening & Moisturizing Cream 50.0 gm and Groome Birds Nest Brightening Face Wash 100.0 ml Combo Offer,SOLD OUT,,799.0,,,,
158,combo,WOW Skin Science Himalayan Rose Shampoo 300ml and WOW Skin Science Himalayan Rose Conditioner 300ml Combo,SOLD OUT,,1398.0,,,,
159,combo,"Dettol Soap Original Pack of 2 (125gm X 2), Bathing Bar Soaps with protection from 100 illness-causing germs",SOLD OUT,,160.0,,,,
160,combo,Nivea Face Wash Milk Delights Saffron 100ml and Soft Cream Berry Blossom 25ml Combo,SOLD OUT,,352.0,,,,
161,combo,"Olay Day Cream Total Effects 7 in 1(Combo Pack) [ Anti-Ageing SPF 15, 50g And Olay Night Cream Total Effects 7 in 1, Anti-Ageing Moisturiser, 50g  (Combo Pack)",SOLD OUT,,1599.0,,,,
162,combo,NIVEA Soft Skin Moisturizing Cream Chilled Mint 100ml & Nivea Face Wash Total Face Cleanup 114g Combo Offer,SOLD OUT,,675.0,,,,
163,combo,Show Your Style COMBO 2 (Pastel Eye Shadow Set Bohemian +  Ziaja Brightening Cream),SOLD OUT,,1249.0,,,,
164,combo,Show Your Style COMBO 1 (Pastel Eye Shadow Set Artsy +  Ziaja Brightening Cream),SOLD OUT,,1249.0,,,,
165,combo,Himalaya Fresh Start Oil Clear Face Wash Peach 100.0 ml  (Pack of 2),SOLD OUT,,279.0,,100ml,,100.0
166,combo,Himalaya Fresh Start Oil Clear Face Wash Lemon 100.0 ml (Pack of 2),SOLD OUT,,279.0,,100ml,,100.0
167,combo,Himalaya Fresh Start Oil Clear Face Wash Blueberry 100.0 ml (Pack of 2),SOLD OUT,,279.0,,100ml,,100.0
168,combo,"Simple De-stress, Rich Moisture and Hydrating Sheet Mask 3*23ml",SOLD OUT,,450.0,,,,
169,combo,Nivea Face Wash Milk Delights  Honey 100ml and Soft Cream Chilled Mint 25ml Combo,SOLD OUT,,352.0,,,,
170,combo,Kaveri Mehedi Cone Rich Color - 3 Cone,SOLD OUT,,150.0,,,,
171,combo,Simple Refreshing Facial Wash & Simple De-Stress Sheet Mask Combo Offer,SOLD OUT,,499.0,,,,
172,combo,NIVEA Soft Skin Moisturizing Cream Playful Peach 100ml & Nivea Face Wash Total Face Cleanup 114g Combo Offer,SOLD OUT,,675.0,,,,
173,combo,Nivea Fresh Active Body Spray & Cool Kick Roll On Combo (81tk Off),SOLD OUT,,660.0,,,,
174,combo,Shower Essentials Combo (Lux Body Wash French Rose & Almond + Tresemme Colour Revitalise Vibrant Colour Protection Shampoo),SOLD OUT,,325.0,,,,
175,combo,Dabur Amla Hair Oil (Pack of 5),SOLD OUT,,100.0,,,,
176,combo,Buy 1 Dabur Almond Hair Oil & Get 1 Gulabari Rose Water 120 ml,SOLD OUT,,230.0,,,,
177,combo,Odonil Natural Air Freshener Block Hanger (Buy 2 Get 1 Free): Jasmine + Lavender + Mystic Rose 50 gm,SOLD OUT,,150.0,,,,
178,combo,Nivea Men Shower Gel Energy 250ml & Dark Spot Reduction Creme 30ml Combo Offer,SOLD OUT,,540.0,,,,
179,combo,Nivea Men Body Spray Fresh Active 150ml Combo Offer,SOLD OUT,,525.0,,,,
180,combo,Glow and Lovely Soap Bar Multani Mati 100gX3 Multipack,SOLD OUT,,120.0,,,,
181,combo,Dove Oxyegen Moisture Combo Pack,SOLD OUT,,500.0,,,,
182,combo,Dove Hair Fall Rescue Combo Pack,SOLD OUT,,480.0,,,,
183,combo,Johnson's Baby Lotion 100ml + Johnson's Baby Soap 50 gm,COMBO,,299.0,,,,
184,combo,Johnson's Baby TTT Bath 200 ml + Johnson's Baby Oil 100ml,COMBO,,530.0,,,,
185,combo,Dabur Almond Hair Oil (Pack of 3),COMBO,,330.0,,,,
186,combo,Dabur Methi Amla Non-Sticky Hair Oil (Pack of 3),COMBO,,225.0,,,,
187,combo,Dabur Gold Beliphool Coconut Hair Oil (Pack of 3),COMBO,,225.0,,,,
188,combo,Dabur Almond Hair Oil (Pack of 3),COMBO,,330.0,,,,
189,combo,Dabur Methi Amla Non-Sticky Hair Oil (Pack of 3),COMBO,,225.0,,,,
190,combo,Dabur Gold Beliphool Coconut Hair Oil (Pack of 3),COMBO,,225.0,,,,
191,combo,Lux Soap Bar Soft Glow 100g (Combo Pack),COMBO,,100.0,,,,
192,combo,Johnson's Baby Lotion 100ml + Johnson's Baby Soap 50 gm,COMBO,,299.0,,,,
193,combo,Johnson's Baby TTT Bath 200 ml + Johnson's Baby Oil 100ml,COMBO,,530.0,,,,
194,combo,Groome's Good Deal 3 (Get Two packet of Groome Tea Tree Nose Strips 6 pcs & Save TK 80),COMBO,,270.0,,,,
195,combo,Aromer. Skincare  Combo (Cleanser+Toner+Serum),COMBO,,2349.0,,,,
196,combo,Lifebuoy Skin Cleansing Soap Bar Total 100g (Combo Pack),COMBO,,88.0,,,,
197,combo,Skinpro Acne Clearing Combo (Ultimate Acne Gel + Acne Clearing Gel Cleanser),COMBO,,299.0,,,,
198,combo,Freyias Weekly Peeling Milk Face Wash 100ml & Divas Secret Intimate Brightening Solution 50 ml Combo,COMBO,,449.0,,,,
199,combo,Freyias Weekly Peeling Aloe Vera Face Wash 100ml & Divas Secret Intimate Brightening Solution 50 ml Combo,COMBO,,449.0,,,,
200,combo,Lavino Charcoal Mask Infused With Tea Tree Oil 50.0 gm And Finorio Silicon Applicator Combo Offer,COMBO,,335.0,,,,
201,combo,Lavino Thanaka Mask With Vitamin - E 50.0 gm And Finorio Silicon Mask Applicator Combo Offer,COMBO,,335.0,,,,
202,combo,She Is Cool Perfume 50ml & Deodorant 150ml Gift Set,COMBO,,1290.0,,200ml,,200.0
203,combo,Lux Soap Bar Soft Glow 100g (Combo Pack),COMBO,,100.0,,,,
204,combo,Johnson's Baby Lotion 100ml + Johnson's Baby Soap 50 gm,COMBO,,299.0,,,,
205,combo,Johnson's Baby TTT Bath 200 ml + Johnson's Baby Oil 100ml,COMBO,,530.0,,,,
206,combo,Groome's Good Deal 3 (Get Two packet of Groome Tea Tree Nose Strips 6 pcs & Save TK 80),COMBO,,270.0,,,,
207,combo,Lavino Charcoal Mask Infused With Tea Tree Oil 50.0 gm And Finorio Silicon Applicator Combo Offer,COMBO,,335.0,,,,
208,combo,Lavino Thanaka Mask With Vitamin - E 50.0 gm And Finorio Silicon Mask Applicator Combo Offer,COMBO,,335.0,,,,
209,combo,Lifebuoy Skin Cleansing Soap Bar Total 100g (Combo Pack),COMBO,,88.0,,,,
210,combo,Aromer. Skincare  Combo (Cleanser+Toner+Serum),COMBO,,2349.0,,,,
211,combo,She Is Cool Perfume 50ml & Deodorant 150ml Gift Set,COMBO,,1290.0,,200ml,,200.0
212,combo,Skinpro Acne Clearing Combo (Ultimate Acne Gel + Acne Clearing Gel Cleanser),COMBO,,299.0,,,,
213,combo,Freyias Weekly Peeling Milk Face Wash 100ml & Divas Secret Intimate Brightening Solution 50 ml Combo,COMBO,,449.0,,,,
214,combo,Freyias Weekly Peeling Aloe Vera Face Wash 100ml & Divas Secret Intimate Brightening Solution 50 ml Combo,COMBO,,449.0,,,,
215,combo,Dove Hair Fall Rescue Combo Pack,SOLD OUT,,480.0,,,,
216,combo,Nivea Fresh Natural Body Spray & Energy Fresh Roll On Combo (81tk Off),SOLD OUT,,660.0,,,,
217,combo,Beardo Combo - Beard & Hair Growth Oil 50ml & GodFather Perfume 100ml,SOLD OUT,,3498.0,,,,
218,combo,Beardo Combo - Xxtra Strong Hold Hair Wax 100g & DeTan Coffee Face Wash 100ml,SOLD OUT,,1848.0,,,,
219,combo,NIVEA Soft Skin Moisturizing Cream Chilled Mint 100ml & Nivea Face Wash Total Face Cleanup 114g Combo Offer,SOLD OUT,,675.0,,,,
220,combo,Show Your Style COMBO 2 (Pastel Eye Shadow Set Bohemian +  Ziaja Brightening Cream),SOLD OUT,,1249.0,,,,
221,combo,Show Your Style COMBO 1 (Pastel Eye Shadow Set Artsy +  Ziaja Brightening Cream),SOLD OUT,,1249.0,,,,
222,combo,Simple Refreshing Facial Wash & Simple Hydrating Sheet Mask Combo Offer,SOLD OUT,,499.0,,,,
223,combo,Nivea Female Shower Gel Combo Pack - Fresh Pure and Frangipani & Oil,SOLD OUT,,500.0,,,,
224,combo,Groome Skin Regenerist Brightening & Moisturizing Cream 50.0 gm and Groome Birds Nest Brightening Face Wash 100.0 ml Combo Offer,SOLD OUT,,799.0,,,,
225,combo,WOW Skin Science Himalayan Rose Shampoo 300ml and WOW Skin Science Himalayan Rose Conditioner 300ml Combo,SOLD OUT,,1398.0,,,,
226,combo,Nivea Face Wash Milk Delights Saffron 100ml and Soft Cream Berry Blossom 25ml Combo,SOLD OUT,,352.0,,,,
227,combo,Vaseline Lip Therapy Aloe Care & Rosy Lips Combo Offer 2* 4.8gm,SOLD OUT,,380.0,,,,
228,combo,AXE Signature Body Deodorant Intense & Mysterious Combo Offer 2*122ml,SOLD OUT,,760.0,,,,
229,combo,Rexona Men Roll on & AXE Signature Body Deodorant Combo Offer,SOLD OUT,,555.0,,,,
230,combo,Johnson's Baby Lotion 100ml + Johnson's Baby Soap 50 gm,COMBO,,299.0,,,,
231,combo,Johnson's Baby TTT Bath 200 ml + Johnson's Baby Oil 100ml,COMBO,,530.0,,,,
232,combo,Dabur Almond Hair Oil (Pack of 3),COMBO,,330.0,,,,
233,combo,Dabur Methi Amla Non-Sticky Hair Oil (Pack of 3),COMBO,,225.0,,,,
234,combo,Dabur Gold Beliphool Coconut Hair Oil (Pack of 3),COMBO,,225.0,,,,
235,combo,Dabur Almond Hair Oil (Pack of 3),COMBO,,330.0,,,,
236,combo,Dabur Methi Amla Non-Sticky Hair Oil (Pack of 3),COMBO,,225.0,,,,
237,combo,Dabur Gold Beliphool Coconut Hair Oil (Pack of 3),COMBO,,225.0,,,,
238,combo,Lux Soap Bar Soft Glow 100g (Combo Pack),COMBO,,100.0,,,,
239,combo,Johnson's Baby Lotion 100ml + Johnson's Baby Soap 50 gm,COMBO,,299.0,,,,
240,combo,Johnson's Baby TTT Bath 200 ml + Johnson's Baby Oil 100ml,COMBO,,530.0,,,,
241,combo,Groome's Good Deal 3 (Get Two packet of Groome Tea Tree Nose Strips 6 pcs & Save TK 80),COMBO,,270.0,,,,
242,combo,Aromer. Skincare  Combo (Cleanser+Toner+Serum),COMBO,,2349.0,,,,
243,combo,Lifebuoy Skin Cleansing Soap Bar Total 100g (Combo Pack),COMBO,,88.0,,,,
244,combo,Skinpro Acne Clearing Combo (Ultimate Acne Gel + Acne Clearing Gel Cleanser),COMBO,,299.0,,,,
245,combo,Freyias Weekly Peeling Milk Face Wash 100ml & Divas Secret Intimate Brightening Solution 50 ml Combo,COMBO,,449.0,,,,
246,combo,Freyias Weekly Peeling Aloe Vera Face Wash 100ml & Divas Secret Intimate Brightening Solution 50 ml Combo,COMBO,,449.0,,,,
247,combo,Lavino Charcoal Mask Infused With Tea Tree Oil 50.0 gm And Finorio Silicon Applicator Combo Offer,COMBO,,335.0,,,,
248,combo,Lavino Thanaka Mask With Vitamin - E 50.0 gm And Finorio Silicon Mask Applicator Combo Offer,COMBO,,335.0,,,,
249,combo,She Is Cool Perfume 50ml & Deodorant 150ml Gift Set,COMBO,,1290.0,,200ml,,200.0
250,combo,Lux Soap Bar Soft Glow 100g (Combo Pack),COMBO,,100.0,,,,
251,combo,Johnson's Baby Lotion 100ml + Johnson's Baby Soap 50 gm,COMBO,,299.0,,,,
252,combo,Johnson's Baby TTT Bath 200 ml + Johnson's Baby Oil 100ml,COMBO,,530.0,,,,
253,combo,Groome's Good Deal 3 (Get Two packet of Groome Tea Tree Nose Strips 6 pcs & Save TK 80),COMBO,,270.0,,,,
254,combo,Lavino Charcoal Mask Infused With Tea Tree Oil 50.0 gm And Finorio Silicon Applicator Combo Offer,COMBO,,335.0,,,,
255,combo,Lavino Thanaka Mask With Vitamin - E 50.0 gm And Finorio Silicon Mask Applicator Combo Offer,COMBO,,335.0,,,,
256,combo,Lifebuoy Skin Cleansing Soap Bar Total 100g (Combo Pack),COMBO,,88.0,,,,
257,combo,Aromer. Skincare  Combo (Cleanser+Toner+Serum),COMBO,,2349.0,,,,
258,combo,She Is Cool Perfume 50ml & Deodorant 150ml Gift Set,COMBO,,1290.0,,200ml,,200.0
259,combo,Skinpro Acne Clearing Combo (Ultimate Acne Gel + Acne Clearing Gel Cleanser),COMBO,,299.0,,,,
260,combo,Freyias Weekly Peeling Milk Face Wash 100ml & Divas Secret Intimate Brightening Solution 50 ml Combo,COMBO,,449.0,,,,
261,combo,Freyias Weekly Peeling Aloe Vera Face Wash 100ml & Divas Secret Intimate Brightening Solution 50 ml Combo,COMBO,,449.0,,,,
262,combo,Johnson's Baby Lotion 100ml + Johnson's Baby Soap 50 gm,COMBO,,299.0,,,,
263,combo,Johnson's Baby TTT Bath 200 ml + Johnson's Baby Oil 100ml,COMBO,,530.0,,,,
264,combo,Dabur Almond Hair Oil (Pack of 3),COMBO,,330.0,,,,
265,combo,Dabur Methi Amla Non-Sticky Hair Oil (Pack of 3),COMBO,,225.0,,,,
266,combo,Dabur Gold Beliphool Coconut Hair Oil (Pack of 3),COMBO,,225.0,,,,
267,combo,Dabur Almond Hair Oil (Pack of 3),COMBO,,330.0,,,,
268,combo,Dabur Methi Amla Non-Sticky Hair Oil (Pack of 3),COMBO,,225.0,,,,
269,combo,Dabur Gold Beliphool Coconut Hair Oil (Pack of 3),COMBO,,225.0,,,,
270,combo,Lux Soap Bar Soft Glow 100g (Combo Pack),COMBO,,100.0,,,,
271,combo,Johnson's Baby Lotion 100ml + Johnson's Baby Soap 50 gm,COMBO,,299.0,,,,
272,combo,Johnson's Baby TTT Bath 200 ml + Johnson's Baby Oil 100ml,COMBO,,530.0,,,,
273,combo,Groome's Good Deal 3 (Get Two packet of Groome Tea Tree Nose Strips 6 pcs & Save TK 80),COMBO,,270.0,,,,
274,combo,Aromer. Skincare  Combo (Cleanser+Toner+Serum),COMBO,,2349.0,,,,
275,combo,Lifebuoy Skin Cleansing Soap Bar Total 100g (Combo Pack),COMBO,,88.0,,,,
276,combo,Skinpro Acne Clearing Combo (Ultimate Acne Gel + Acne Clearing Gel Cleanser),COMBO,,299.0,,,,
277,combo,Freyias Weekly Peeling Milk Face Wash 100ml & Divas Secret Intimate Brightening Solution 50 ml Combo,COMBO,,449.0,,,,
278,combo,Freyias Weekly Peeling Aloe Vera Face Wash 100ml & Divas Secret Intimate Brightening Solution 50 ml Combo,COMBO,,449.0,,,,
279,combo,Lavino Charcoal Mask Infused With Tea Tree Oil 50.0 gm And Finorio Silicon Applicator Combo Offer,COMBO,,335.0,,,,
280,combo,Lavino Thanaka Mask With Vitamin - E 50.0 gm And Finorio Silicon Mask Applicator Combo Offer,COMBO,,335.0,,,,
281,combo,She Is Cool Perfume 50ml & Deodorant 150ml Gift Set,COMBO,,1290.0,,200ml,,200.0
282,combo,Johnson's Baby Lotion 100ml + Johnson's Baby Soap 50 gm,COMBO,,299.0,,,,
283,combo,Johnson's Baby TTT Bath 200 ml + Johnson's Baby Oil 100ml,COMBO,,530.0,,,,
284,combo,Johnson's Baby Lotion 100ml + Johnson's Baby Soap 50 gm,COMBO,,299.0,,,,
285,combo,Johnson's Baby TTT Bath 200 ml + Johnson's Baby Oil 100ml,COMBO,,530.0,,,,
286,combo,Johnson's Baby Lotion 100ml + Johnson's Baby Soap 50 gm,COMBO,,299.0,,,,
287,combo,Johnson's Baby TTT Bath 200 ml + Johnson's Baby Oil 100ml,COMBO,,530.0,,,,
