ID,category,product_title,product_ribbon,product_prev_price,product_curr_price,product_app_price,product_weight,weight_gm,weight_ml
0,natural,Skin Cafe Hair Care BOGO Offer 2 ( Skin Cafe Biotin Shampoo with Onion Extract + Skin Cafe Silky Tresses Moisturizing Conditioner ),FREE DELIVERY,,425.0,,,,
1,natural,Skin Cafe Hair Care BOGO Offer 1 ( Skin Cafe Banana Shampoo with Egg Protein + Skin Cafe Silky Tresses Moisturizing Conditioner ),FREE DELIVERY,,425.0,,,,
2,natural,Rajkonna Glow Booster Facial Wash With Jojoba Beads,FREE DELIVERY,185.0,165.0,157.0,100ml,,100.0
3,natural,Rajkonna Acne Fighting Facial Wash With Jojoba Beads,FREE DELIVERY,185.0,165.0,160.0,100ml,,100.0
4,natural,Skin Cafe 100% Natural Rose Water Face And Body Mist,FREE DELIVERY,320.0,281.6,268.0,120ml,,120.0
5,natural,Nivea Face Wash Milk Delights Precious Saffron (Normal Skin),SALE,400.0,360.0,,100ml,,100.0
6,natural,Lilac Advanced Brightening Moisturizer- All Skin Types,FREE DELIVERY,850.0,757.0,734.0,50gm,50.0,
7,natural,Nivea Face Wash Milk Delights Caring Rosewater (Sensitive Skin),SALE,400.0,256.0,,100ml,,100.0
8,natural,Skin Cafe Brightening Mask,FREE DELIVERY,240.0,211.2,205.0,70gm,70.0,
9,natural,LILAC Brightening Face Wash Oily And Combination Skin,FREE DELIVERY,650.0,579.0,562.0,120ml,,120.0
10,natural,Lilac Advanced Brightening Face Wash Dry And Sensitive Skin,FREE DELIVERY,650.0,579.0,550.0,120ml,,120.0
11,natural,RAJKONNA HAIR REPAIR Mask,FREE DELIVERY,240.0,214.0,203.0,70gm,70.0,
12,natural,Kolombo Coconut  Oil,SALE,85.0,63.0,,100ml,,100.0
13,natural,Kumarika Split Hair Oil,SALE,200.0,149.0,,200ml,,200.0
14,natural,Kumarika Dandruff control Hair Oil,SALE,200.0,149.0,,200ml,,200.0
15,natural,Maya True Herbs 100% Cold-Pressed Virgin & Organic Marula Oil from Africa,SALE,850.0,765.0,,30ml,,30.0
16,natural,Kumarika Hair Fall Control Hair Oil 200ml,SALE,200.0,149.0,,200ml,,200.0
17,natural,Kolombo Coconut  Oil,SALE,155.0,116.0,,200ml,,200.0
18,natural,Natures Response Energising Blend  Essential Oil,nan,,515.0,,10ml,,10.0
19,natural,Dabur Amla Hair Oil (Get 50 ml Extra),nan,,360.0,,400ml,,400.0
20,natural,Dabur Amla Hair Oil,nan,,90.0,,100ml,,100.0
21,natural,Dabur Amla Hair Oil (Get 50 ml Extra),nan,,360.0,,400ml,,400.0
22,natural,Dabur Amla Hair Oil,nan,,90.0,,100ml,,100.0
23,natural,Dabur Amla Hair Oil,nan,,35.0,,40ml,,40.0
24,natural,HB Factory Red Ginseng Cleansing Foam,nan,,850.0,825.0,80ml,,80.0
25,natural,Maya All Natural Hair & Scalp Oil,SALE,210.0,189.0,,100ml,,100.0
26,natural,Buy 1 Dabur Gold Beliphool Non-Sticky Coconut Hair Oil & Get 1 Lux Soap 75 gm,BUY 1 GET 1,,145.0,,,,
27,natural,Himalaya Purifying Neem Face Wash,SALE,250.0,210.0,,150ml,,150.0
28,natural,Himalaya Natural Glow Saffron Face Cream,nan,,145.0,,50gm,50.0,
29,natural,NEUTROGENA Refreshingly Clear Facial Wash,nan,,950.0,922.0,200ml,,200.0
30,natural,Simple Kind to Skin Hydrating Light Moisturiser,SALE,650.0,599.0,,125ml,,125.0
31,natural,Clean & Clear Foaming Face Wash,SALE,280.0,255.0,,100ml,,100.0
32,natural,LILAC NIACINAMIDE SERUM 5%,FREE DELIVERY,750.0,668.0,648.0,30ml,,30.0
33,natural,Skin Cafe Detox Healing Clay Mask,FREE DELIVERY,240.0,211.2,205.0,70gm,70.0,
34,natural,Lux Body Wash Black Orchid Scent & Juniper Oil 245ml,SALE,200.0,149.0,,245ml,,245.0
35,natural,Lux Body Wash Freesia Scent & Aloe Vera 245ml,SALE,200.0,149.0,,245ml,,245.0
36,natural,Garnier Skin Active Micellar Cleansing Water,SALE,550.0,449.0,,100ml,,100.0
37,natural,Rajkonna Light Moisturizer With Rice Water And Licorice Extract,FREE DELIVERY,295.0,263.0,255.0,50gm,50.0,
38,natural,Beauty Formulas Tea Tree Deep Cleansing Nose Pore Strip,SALE,60.0,29.0,28.0,,,
39,natural,Simple Kind to Skin Replenishing Rich Moisturizer,SALE,650.0,499.0,,125ml,,125.0
40,natural,Groome Black Head Remover Charcoal Nose strips(Monthly Pack) 6 pcs,SALE,175.0,152.0,147.0,,,
41,natural,Pond’s Super Light Gel Moisturiser 98g,SALE,420.0,399.0,,98ml,,98.0
42,natural,RIBANA Coconut Oil,SALE,400.0,370.0,359.0,200ml,,200.0
43,natural,Rajkonna Multani Mati,FREE DELIVERY,120.0,107.0,104.0,80gm,80.0,
44,natural,Hawaa Hair Fall Avenger Oil,SALE,220.0,195.0,189.0,100ml,,100.0
45,natural,Skin Cafe 100% Natural Essential Oil - Rosemary,FREE DELIVERY,400.0,352.0,334.0,10ml,,10.0
46,natural,Rajkonna White Glow Shower Gel,FREE DELIVERY,330.0,294.0,285.0,330ml,,330.0
47,natural,Rajkonna All Purpose Toner,FREE DELIVERY,240.0,214.0,203.0,120ml,,120.0
48,natural,Simple Kind To Skin Soothing Facial Toner,SALE,650.0,499.0,484.0,200ml,,200.0
49,natural,Organikare Coffee Scrub,SALE,250.0,230.0,,100ml,,100.0
50,natural,Lavino Milk Brightening Face Wash,SALE,220.0,196.0,190.0,100ml,,100.0
51,natural,Wow Brightening Vitamin C Face Wash,SALE,549.0,411.0,,100ml,,100.0
52,natural,Cosrx Acne Pimple Master Patch,SALE,555.0,375.0,356.0,,,
53,natural,Pond's Light Moisturiser Non-Oily Fresh Feel,SALE,180.0,120.0,,25ml,,25.0
54,natural,Rajkonna glowing face ubtan,FREE DELIVERY,220.0,196.0,190.0,50gm,50.0,
55,natural,Skin Cafe Hydrating Hyaluronic Acid Face Wash with Seaweed Extract,FREE DELIVERY,395.0,347.6,337.0,140ml,,140.0
56,natural,Rajkonna Rice Water Facial Scrub With Tangerine Extract,FREE DELIVERY,240.0,214.0,203.0,100ml,,100.0
57,natural,Lavino Neem Purifying Face Wash With 0.5% Salicylic Acid,SALE,220.0,196.0,186.0,100ml,,100.0
58,natural,Skin Cafe Makeup Cleansing Oil Advanced,FREE DELIVERY,550.0,484.0,469.0,120ml,,120.0
59,natural,Skin Cafe My Therapist Serum - Brightening,FREE DELIVERY,490.0,431.2,418.0,30ml,,30.0
60,natural,Rajkonna Brightening Clay Mask Activated Charcoal With Aloe & Vitamin E,FREE DELIVERY,220.0,196.0,190.0,60gm,60.0,
61,natural,Skin Cafe Floral Hydrating Toner,FREE DELIVERY,295.0,259.6,252.0,110ml,,110.0
62,natural,TIA'M - Vita B3 Source,SALE,1550.0,1149.0,,40ml,,40.0
63,natural,Acwell Licorice pH Balancing Cleansing Toner,SALE,1300.0,1110.0,1077.0,150ml,,150.0
64,natural,Rajkonna Henna Powder,FREE DELIVERY,125.0,112.0,106.0,50gm,50.0,
65,natural,RIBANA Castor Oil,SALE,300.0,270.0,262.0,100ml,,100.0
66,natural,Skin Cafe My Therapist Serum - Pore Perfect,FREE DELIVERY,490.0,431.2,418.0,30ml,,30.0
67,natural,Lilac Brightening Serum with 2% Alpha Arbutin and 1% Kojic Acid,FREE DELIVERY,795.0,708.0,687.0,30ml,,30.0
68,natural,Parachute SkinPure Aloe Vera Gel,SALE,110.0,86.0,,50ml,,50.0
69,natural,Skin Cafe Soothing Aloe Vera Facewash with Salicylic Acid,FREE DELIVERY,395.0,347.6,337.0,140ml,,140.0
70,natural,Groome Glutathione + Alpha Arbutin +HA Brightening Serum,FREE DELIVERY,795.0,692.0,671.0,30ml,,30.0
71,natural,Groome Niacinamide 5% + Zinc 1% Skin Correcting Serum,FREE DELIVERY,795.0,692.0,671.0,30ml,,30.0
72,natural,Neutrogena Deep Clean Facial Cleanser,SALE,220.0,200.0,,50ml,,50.0
73,natural,Skin Cafe Micellar Water,FREE DELIVERY,350.0,308.0,299.0,120ml,,120.0
74,natural,Glo-On Pink Glow Cream,SALE,80.0,56.0,,25gm,25.0,
75,natural,Pond's Fresh Glow Light Moisturiser with Vitamin E + Glycerine,SALE,250.0,220.0,213.0,50ml,,50.0
76,natural,Wazih Organic Multani Mud Powder,SALE,120.0,100.0,97.0,100gm,100.0,
77,natural,Amlaki Signature Underarm Brightening Mask,SALE,280.0,235.0,228.0,100gm,100.0,
78,natural,Rajkonna Moisturizing Shower Gel,FREE DELIVERY,330.0,294.0,285.0,330ml,,330.0
79,natural,Laneige Water Sleeping Mask,SALE,350.0,250.0,243.0,15ml,,15.0
80,natural,Cosrx Advanced Snail 92 All In One Cream,SALE,2420.0,1650.0,1601.0,100gm,100.0,
81,natural,Groome Charcoal Purifying & Deep Cleansing Nose Strip,SALE,65.0,57.0,55.0,,,
82,natural,Skin Cafe Castor Oil (Cold Pressed),FREE DELIVERY,550.0,490.0,475.0,120ml,,120.0
83,natural,Ribana Aloe Vera Gel,SALE,300.0,270.0,262.0,130ml,,130.0
84,natural,Pond's Fresh Glow Light Moisturiser with Vitamin E + Glycerine,SALE,250.0,220.0,213.0,50ml,,50.0
85,natural,Skin Cafe Micellar Water,FREE DELIVERY,350.0,308.0,299.0,120ml,,120.0
86,natural,Wazih Organic Multani Mud Powder,SALE,120.0,100.0,97.0,100gm,100.0,
87,natural,Glo-On Pink Glow Cream,SALE,80.0,56.0,,25gm,25.0,
88,natural,Rajkonna Moisturizing Shower Gel,FREE DELIVERY,330.0,294.0,285.0,330ml,,330.0
89,natural,Laneige Water Sleeping Mask,SALE,350.0,250.0,243.0,15ml,,15.0
90,natural,Amlaki Signature Underarm Brightening Mask,SALE,280.0,235.0,228.0,100gm,100.0,
91,natural,Cosrx Advanced Snail 92 All In One Cream,SALE,2420.0,1650.0,1601.0,100gm,100.0,
92,natural,Groome Charcoal Purifying & Deep Cleansing Nose Strip,SALE,65.0,57.0,55.0,,,
93,natural,Skin Cafe Castor Oil (Cold Pressed),FREE DELIVERY,550.0,490.0,475.0,120ml,,120.0
94,natural,Cosrx Advanced Snail 96 Mucin Power Essence,SALE,950.0,799.0,775.0,30ml,,30.0
95,natural,Lavino Thanaka Mask With Vitamin - E,SALE,295.0,263.0,255.0,50gm,50.0,
96,natural,NIVEA Soft Skin Moisturizing Cream Berry Blossom,SALE,430.0,299.0,,100ml,,100.0
97,natural,Wazih Organic Lentil Powder,SALE,120.0,95.0,92.0,100gm,100.0,
98,natural,Wazih Organic Henna Leaf Powder,SALE,150.0,130.0,126.0,100gm,100.0,
99,natural,Groome Vitamin-C 12% Glowing Serum,FREE DELIVERY,795.0,692.0,671.0,30ml,,30.0
100,natural,Wazih Organic Fenugreek Powder,SALE,120.0,95.0,90.0,100gm,100.0,
101,natural,Rajkonna Activated Charcoal Facial Wash With Honey Extract,FREE DELIVERY,220.0,196.0,190.0,100ml,,100.0
102,natural,Lilac Vitamin C Serum 10%,FREE DELIVERY,800.0,712.0,691.0,30ml,,30.0
103,natural,Skin Cafe Acne Care Mask,FREE DELIVERY,240.0,211.2,205.0,70gm,70.0,
104,natural,Skin Cafe 100% Natural Essential Oil - Tea Tree,FREE DELIVERY,400.0,352.0,341.0,10ml,,10.0
105,natural,Wow Ubtan Face Wash,SALE,549.0,411.0,,100ml,,100.0
106,natural,Wow Apple Cider Vinegar Face Wash,SALE,549.0,411.0,,100ml,,100.0
107,natural,Ujjwala Care Anti hairfall herbal Hair Oil 100 ml,SALE,160.0,134.0,,100ml,,100.0
108,natural,Ujjwala Care Anti hairfall herbal Hair Oil 200 ml,SALE,300.0,249.0,,200ml,,200.0
109,natural,Himalaya Anti Dandruff Shampoo Shoothing & Moisturizing,SALE,480.0,320.0,,375ml,,375.0
110,natural,CeraVe Skin Renewing Gel Oil,SALE,2950.0,2750.0,2668.0,29ml,,29.0
111,natural,Cerave Moisturizing Cream For Normal To Dry Skin,SALE,1450.0,1250.0,1213.0,56ml,,56.0
112,natural,CeraVe Skin Renewing Vitamin C Serum,SALE,3250.0,2950.0,2862.0,30ml,,30.0
113,natural,Neogen Cica Repair Snail Essence,SALE,1950.0,1850.0,1795.0,100ml,,100.0
114,natural,Caring Hair Treatment,SALE,1550.0,1450.0,1407.0,500ml,,500.0
115,natural,Organikare Winter Body Butter,SALE,450.0,400.0,,200gm,200.0,
116,natural,St. Ives Exfoliating Body Wash with Pink Lemon & Mandarin Orange,SALE,1050.0,925.0,,473ml,,473.0
117,natural,The Body Shop Vitamin E Overnight Serum-In-Oil,SALE,2450.0,1850.0,1795.0,30ml,,30.0
118,natural,iUNIK – Centella Calming Gel Cream,SALE,1650.0,1535.0,1489.0,60ml,,60.0
119,natural,Neogen Dermalogy Real Ferment Micro Toner,SALE,1950.0,1800.0,1746.0,150ml,,150.0
120,natural,Rongon Herbals Cinnamon Essential Oil,SALE,350.0,340.0,,10ml,,10.0
121,natural,Rongon Herbals Kalomegh Powder,SALE,180.0,175.0,,50gm,50.0,
122,natural,Rongon Herbals Punarnava Powder,SALE,290.0,285.0,276.0,55gm,55.0,
123,natural,Amlaki Signature Moringa Brightening Face Pack,SALE,690.0,570.0,542.0,200gm,200.0,
124,natural,Amlaki Signature Charcoal Mask,SALE,520.0,430.0,417.0,100gm,100.0,
125,natural,Amlaki Hair Oil,SALE,875.0,730.0,708.0,250ml,,250.0
126,natural,Amlaki Pearl Brightening Pack for Face & Body,SALE,580.0,480.0,466.0,250gm,250.0,
127,natural,Amlaki Glow Serum,SALE,1200.0,990.0,960.0,30ml,,30.0
128,natural,The Ordinary Vitamin C Suspension 30% in Silicone,SALE,1800.0,1450.0,1407.0,30ml,,30.0
129,natural,Cetaphil Daily Defence Face Moisturiser with SPF 50+,SALE,2450.0,2280.0,2212.0,50gm,50.0,
130,natural,Palmer's Anti-Dark Spot Fade Cream Night,SALE,1750.0,1630.0,1581.0,75gm,75.0,
131,natural,Bioderma Sebium Hydra,SALE,2650.0,2385.0,,40ml,,40.0
132,natural,Groome Tea Tree Purifying & Deep Cleansing Nose Strip,SALE,60.0,52.0,49.0,,,
133,natural,CeraVe SA Smoothing Cleanser,SALE,3450.0,2950.0,2862.0,236ml,,236.0
134,natural,Organikare Cold Pressed Coconut Oil,SALE,990.0,750.0,,75ml,,75.0
135,natural,Sarin's Store Licorice Powder,SALE,400.0,150.0,146.0,100gm,100.0,
136,natural,Sarin's Store Conch Powder,SALE,400.0,125.0,121.0,100gm,100.0,
137,natural,Bioderma Sensibio H2O,SALE,2450.0,2350.0,,500ml,,500.0
138,natural,Nivea Female Shower Gel Lemon & Oil (Germany),SALE,600.0,540.0,,250ml,,250.0
139,natural,NIVEA Total Face Cleanup (India),SALE,450.0,414.0,,100ml,,100.0
140,natural,"Cetaphil Gentle Skin Cleanser Dry,Sensitive Skin",SALE,2250.0,2095.0,2032.0,236ml,,236.0
141,natural,Rajkonna Moringa Powder,FREE DELIVERY,185.0,165.0,160.0,30gm,30.0,
142,natural,Ambassador Olive Oil,SALE,400.0,350.0,,150ml,,150.0
143,natural,Wow Aloe Vera Foaming Face Wash,SALE,929.0,696.0,,150ml,,150.0
144,natural,Wow Apple Cider Vinegar Foaming Face Wash,SALE,929.0,696.0,,150ml,,150.0
145,natural,Garnier Micellar Water with Vitamin C,SALE,650.0,545.0,529.0,125ml,,125.0
146,natural,Grace Day Pore Black Head One Shot,SALE,2100.0,1950.0,1892.0,120ml,,120.0
147,natural,Rongon Herbals Bergamot Essential Oil,SALE,650.0,635.0,,10ml,,10.0
148,natural,Rongon Herbals Lemongrass Essential Oil,SALE,400.0,390.0,,10ml,,10.0
149,natural,Rongon Herbals Thyme Essential Oil,SALE,650.0,635.0,,10ml,,10.0
150,natural,Rongon Herbals Ylang Ylang Essential Oil,SALE,450.0,440.0,,10ml,,10.0
151,natural,Ribana Sandalwood Facepack,SALE,350.0,290.0,281.0,50gm,50.0,
152,natural,Ribana Turmeric Facepack,SALE,350.0,290.0,281.0,50gm,50.0,
153,natural,Focallure Acne Care Gel Mask (Fa Sc04),SALE,90.0,55.0,53.0,3.8gm,3.8,
154,natural,Missha Creamy Latte Green Tea Cleansing Foam,SALE,1450.0,1150.0,1116.0,172ml,,172.0
155,natural,Ribana Saffron Glowing Facepack,SALE,550.0,515.0,500.0,50gm,50.0,
156,natural,Ribana Kojic Brightening Facepack,SALE,550.0,490.0,475.0,50gm,50.0,
157,natural,L'Oreal Paris Revitalift Crystal Fresh Hydrating Gel Cream,SALE,2450.0,1995.0,1935.0,50ml,,50.0
158,natural,Avene Eau Thermale SPF 50+ Tinted Cream For Dry Sensitive Skin,SALE,2650.0,2440.0,2367.0,50ml,,50.0
159,natural,Panam Care Deep Clean Facial Wash - Beetroot Extract,SALE,230.0,205.0,199.0,100ml,,100.0
160,natural,Parachute Anti Hairfall Oil Extra Care 300ml & Parachute Naturale Shampoo Advanced Hair Fall Control 345ml Combo,COMBO,685.0,548.0,,,,
161,natural,Nihar Anti Hairfall 5 Seeds Hair Oil 200ml & Parachute Naturale Shampoo Hijab Fresh 340ml Combo,COMBO,560.0,378.0,,,,
162,natural,3W Clinic Multi Protection UV Sun Block SPF 50+/PA+++,SALE,850.0,499.0,474.0,70ml,,70.0
163,natural,Avene Cicalfate+ Restorative Protective Cream,SALE,4500.0,4140.0,4016.0,100ml,,100.0
164,natural,Organikaon Sandalwood Powder,SALE,380.0,315.0,306.0,50gm,50.0,
165,natural,Organikaon Amla Powder,SALE,200.0,165.0,160.0,80gm,80.0,
166,natural,Organikaon Charcoal Powder,SALE,220.0,180.0,175.0,80gm,80.0,
167,natural,Organikaon Green Tea Face Mist,SALE,350.0,260.0,252.0,100ml,,100.0
168,natural,Organikaon Ylang Ylang Essential Oil,SALE,420.0,350.0,340.0,10ml,,10.0
169,natural,Organikaon Avocado Oil,SALE,820.0,680.0,660.0,100ml,,100.0
170,natural,Organikaon Jojoba Oil,SALE,820.0,680.0,660.0,100ml,,100.0
171,natural,Organikare Turmeric Body Butter,SALE,250.0,235.0,,50ml,,50.0
172,natural,Care:Nel Egg White Pore Cleansing Foam,SALE,1350.0,1250.0,1213.0,150ml,,150.0
173,natural,Dorado Acne Reduction Face Mask,SALE,570.0,510.0,495.0,50gm,50.0,
174,natural,Dorado Neem Oil,SALE,580.0,520.0,504.0,150ml,,150.0
175,natural,Dorado Onion Oil,SALE,1060.0,940.0,912.0,100ml,,100.0
176,natural,Amlaki Anti-Aging Glowing Skin Cream,SALE,675.0,550.0,534.0,50gm,50.0,
177,natural,Wow Skin Science Himalayan Rose Shampoo,SALE,1099.0,824.0,,300ml,,300.0
178,natural,Jovees Herbal Neem Face Wash For All Skin Types,SALE,550.0,450.0,437.0,120ml,,120.0
179,natural,Wow Skin Science Bhringraj Hair Oil With Comb Applicator,SALE,599.0,449.0,,100ml,,100.0
180,natural,St. Ives Hydrating Daily Cleanser Watermelon,SALE,1150.0,950.0,922.0,200ml,,200.0
181,natural,St. Ives Glowing Apricot Face Wash,SALE,1150.0,950.0,922.0,200ml,,200.0
182,natural,The Body Shop Edelweiss Daily Serum Concentrate,SALE,3850.0,2950.0,2862.0,30ml,,30.0
183,natural,Wow Skin Science Onion Red Seed Oil Hair Mask,SALE,999.0,749.0,,200ml,,200.0
184,natural,Wow Skin Science Vitamin C Toner,SALE,999.0,749.0,,200ml,,200.0
185,natural,Wow Skin Science Vitamin C Face Cream,SALE,1249.0,936.0,,50ml,,50.0
186,natural,Rongon Herbals Revitalizing Hair Tonic,SALE,650.0,635.0,,250ml,,250.0
187,natural,Buy Parachute Hair Oil Advansed Aloe Vera Enriched Coconut 250Ml + Parachute Naturale Shampoo Anti Hair Fall 170Ml Get Skinpure Aloe Vera Gel 50G Free,BUY 1 GET 1,475.0,359.0,,,,
188,natural,Parachute Hair Oil Anti Hairfall Oil Extra Care 150Ml (Root Applier) Pack Of 2 (150Ml X 2),BUY 1 GET 1,320.0,290.0,,,,
189,natural,Parachute Hair Oil Anti Hairfall Oil Extra Care 300ml (Root Applier) & Glo-On Pink Glow Cream 50gm Combo,BUY 1 GET 1,440.0,354.0,,,,
190,natural,GLO-ON Pink Glow Cream 50gm Pack of 2 (50gm X 2),BUY 1 GET 1,320.0,224.0,,,,
191,natural,Parachute SkinPure Aloe Vera Brightening Facewash (Oil Control) 100gm & GLO-ON Pink Glow Cream 50gm Combo,BUY 1 GET 1,350.0,261.0,,,,
192,natural,Bioderma Ultra Gentle Shower Gel for Normal to Dry Skin,SALE,4250.0,3450.0,3347.0,1000ml,,1000.0
193,natural,Lavino Organic Brightening Ubtan,SALE,215.0,192.0,186.0,50gm,50.0,
194,natural,Cerave Skin Renewing Nightly Exfoliating Treatment,SALE,3250.0,2750.0,2668.0,50ml,,50.0
195,natural,Wazih organic Pomegaranate Powder,SALE,300.0,230.0,223.0,100gm,100.0,
196,natural,3W Clinic Fresh White Sheet Mask,SALE,150.0,115.0,109.0,23ml,,23.0
197,natural,Olay Natural Aura Glowing Radiance Cream SPF15 with Mulberry Extract,SALE,650.0,605.0,587.0,50gm,50.0,
198,natural,Lavino Organic Methi Powder,SALE,120.0,107.0,104.0,50gm,50.0,
199,natural,Grace Day Pore Black Head One Shot,SALE,2100.0,1950.0,1892.0,120ml,,120.0
200,natural,Grace Day Pure Plex Ampoule,SALE,1250.0,1150.0,1116.0,50ml,,50.0
201,natural,Lavino Organic Henna Powder,SALE,135.0,120.0,,50gm,50.0,
202,natural,Sunsilk Stunning Black Shine Shampoo,SALE,1450.0,1350.0,1283.0,700ml,,700.0
203,natural,Baali Argan Hair Oil Serum,SALE,1530.0,1454.0,,120ml,,120.0
204,natural,Rongon Herbals Brightness Oil,SALE,450.0,440.0,,50ml,,50.0
205,natural,Embla Silk Proten Treatment & Essence,SALE,1650.0,1480.0,1436.0,300ml,,300.0
206,natural,Garnier Micellar Water with Vitamin C,SALE,650.0,545.0,529.0,125ml,,125.0
207,natural,Everyuth Naturals Brightening Lemon & Cherry Face Wash,SALE,370.0,345.0,,150gm,150.0,
208,natural,Simple Vitamin B3 Booster Serum,SALE,1550.0,1450.0,1407.0,30ml,,30.0
209,natural,HAAY Relief Body Wash,SALE,1100.0,1000.0,950.0,500gm,500.0,
210,natural,Haay Silk Repair Shampoo,SALE,1100.0,1000.0,950.0,500gm,500.0,
211,natural,Rongon Herbals Neem Powder,SALE,120.0,117.0,,75gm,75.0,
212,natural,Rongon Herbals Kusuma Oil,SALE,190.0,185.0,,50ml,,50.0
213,natural,Rongon Herbals Liquorice - যষ্টি মধু,SALE,140.0,137.0,,75gm,75.0,
214,natural,Rongon Herbals Moringa - সজনে পাতা,SALE,150.0,147.0,,50gm,50.0,
215,natural,Rongon Herbals Red Sandal Wood - লাল চন্দন গুড়া,SALE,370.0,360.0,,50gm,50.0,
216,natural,Rongon Herbals Hibiscus - জবাফুল,SALE,190.0,185.0,,50gm,50.0,
217,natural,AXIS-Y Complete No-Stress Physical Sunscreen,SALE,1950.0,1750.0,1698.0,50ml,,50.0
218,natural,AXIS-Y Sunday Morning Refreshing Cleansing Foam,SALE,1250.0,1245.0,1208.0,120ml,,120.0
219,natural,Wazih mesta solution combo,COMBO,1050.0,870.0,,210gm,210.0,
220,natural,Tresemme Rich Moisture Hyaluronic plex Shampoo,SALE,1650.0,1535.0,1489.0,828ml,,828.0
221,natural,3W Clinic Fresh Aloe Sheet Mask,SALE,150.0,115.0,112.0,23ml,,23.0
222,natural,Camilla Herbal Henna,SALE,220.0,108.0,,100gm,100.0,
223,natural,L'Oreal Paris Elvive Extraordinary Oil Shampo for Dry Hair,SALE,1450.0,1250.0,1213.0,400ml,,400.0
224,natural,L'oréal Paris Elvive Extraordinary Oil Jojoba Shampoo,SALE,1450.0,1250.0,1213.0,400ml,,400.0
225,natural,L'oréal Paris Elvive Full Resist Shampoo,SALE,1450.0,1199.0,1163.0,400ml,,400.0
226,natural,Rongon Herbals Brightness Oil,SALE,150.0,145.0,,15ml,,15.0
227,natural,Wazih Organic Brammi Powder,SALE,190.0,145.0,141.0,100gm,100.0,
228,natural,Wazih Organic Aegle Marmelos Powder,SALE,190.0,145.0,141.0,100gm,100.0,
229,natural,Wazih Organic Peppermint Essential Oil,SALE,400.0,360.0,349.0,10ml,,10.0
230,natural,Wazih Organic Tree Tea Essential Oil,SALE,400.0,360.0,349.0,10ml,,10.0
231,natural,Dabur Amla Hair Oil (Get 50 ml Extra),nan,,360.0,,400ml,,400.0
232,natural,Dabur Amla Hair Oil,nan,,90.0,,100ml,,100.0
233,natural,Dabur Amla Hair Oil (Get 50 ml Extra),nan,,360.0,,400ml,,400.0
234,natural,Dabur Amla Hair Oil,nan,,90.0,,100ml,,100.0
235,natural,Skin Cafe Micellar Water,FREE DELIVERY,350.0,308.0,299.0,120ml,,120.0
236,natural,Glo-On Pink Glow Cream,SALE,80.0,56.0,,25gm,25.0,
237,natural,Pond's Fresh Glow Light Moisturiser with Vitamin E + Glycerine,SALE,250.0,220.0,213.0,50ml,,50.0
238,natural,Wazih Organic Multani Mud Powder,SALE,120.0,100.0,97.0,100gm,100.0,
239,natural,Amlaki Signature Underarm Brightening Mask,SALE,280.0,235.0,228.0,100gm,100.0,
240,natural,Rajkonna Moisturizing Shower Gel,FREE DELIVERY,330.0,294.0,285.0,330ml,,330.0
241,natural,Laneige Water Sleeping Mask,SALE,350.0,250.0,243.0,15ml,,15.0
242,natural,Cosrx Advanced Snail 92 All In One Cream,SALE,2420.0,1650.0,1601.0,100gm,100.0,
243,natural,Groome Charcoal Purifying & Deep Cleansing Nose Strip,SALE,65.0,57.0,55.0,,,
244,natural,Skin Cafe Castor Oil (Cold Pressed),FREE DELIVERY,550.0,490.0,475.0,120ml,,120.0
245,natural,Pond's Fresh Glow Light Moisturiser with Vitamin E + Glycerine,SALE,250.0,220.0,213.0,50ml,,50.0
246,natural,Skin Cafe Micellar Water,FREE DELIVERY,350.0,308.0,299.0,120ml,,120.0
247,natural,Wazih Organic Multani Mud Powder,SALE,120.0,100.0,97.0,100gm,100.0,
248,natural,Glo-On Pink Glow Cream,SALE,80.0,56.0,,25gm,25.0,
249,natural,Rajkonna Moisturizing Shower Gel,FREE DELIVERY,330.0,294.0,285.0,330ml,,330.0
250,natural,Laneige Water Sleeping Mask,SALE,350.0,250.0,243.0,15ml,,15.0
251,natural,Amlaki Signature Underarm Brightening Mask,SALE,280.0,235.0,228.0,100gm,100.0,
252,natural,Cosrx Advanced Snail 92 All In One Cream,SALE,2420.0,1650.0,1601.0,100gm,100.0,
253,natural,Groome Charcoal Purifying & Deep Cleansing Nose Strip,SALE,65.0,57.0,55.0,,,
254,natural,Skin Cafe Castor Oil (Cold Pressed),FREE DELIVERY,550.0,490.0,475.0,120ml,,120.0
255,natural,Garnier Micellar Water with Vitamin C,SALE,650.0,545.0,529.0,125ml,,125.0
256,natural,Grace Day Pore Black Head One Shot,SALE,2100.0,1950.0,1892.0,120ml,,120.0
257,natural,Dabur Amla Hair Oil (Get 50 ml Extra),nan,,360.0,,400ml,,400.0
258,natural,Dabur Amla Hair Oil,nan,,90.0,,100ml,,100.0
259,natural,Dabur Amla Hair Oil (Get 50 ml Extra),nan,,360.0,,400ml,,400.0
260,natural,Dabur Amla Hair Oil,nan,,90.0,,100ml,,100.0
261,natural,Skin Cafe Micellar Water,FREE DELIVERY,350.0,308.0,299.0,120ml,,120.0
262,natural,Glo-On Pink Glow Cream,SALE,80.0,56.0,,25gm,25.0,
263,natural,Pond's Fresh Glow Light Moisturiser with Vitamin E + Glycerine,SALE,250.0,220.0,213.0,50ml,,50.0
264,natural,Wazih Organic Multani Mud Powder,SALE,120.0,100.0,97.0,100gm,100.0,
265,natural,Amlaki Signature Underarm Brightening Mask,SALE,280.0,235.0,228.0,100gm,100.0,
266,natural,Rajkonna Moisturizing Shower Gel,FREE DELIVERY,330.0,294.0,285.0,330ml,,330.0
267,natural,Laneige Water Sleeping Mask,SALE,350.0,250.0,243.0,15ml,,15.0
268,natural,Cosrx Advanced Snail 92 All In One Cream,SALE,2420.0,1650.0,1601.0,100gm,100.0,
269,natural,Groome Charcoal Purifying & Deep Cleansing Nose Strip,SALE,65.0,57.0,55.0,,,
270,natural,Skin Cafe Castor Oil (Cold Pressed),FREE DELIVERY,550.0,490.0,475.0,120ml,,120.0
271,natural,Pond's Fresh Glow Light Moisturiser with Vitamin E + Glycerine,SALE,250.0,220.0,213.0,50ml,,50.0
272,natural,Skin Cafe Micellar Water,FREE DELIVERY,350.0,308.0,299.0,120ml,,120.0
273,natural,Wazih Organic Multani Mud Powder,SALE,120.0,100.0,97.0,100gm,100.0,
274,natural,Glo-On Pink Glow Cream,SALE,80.0,56.0,,25gm,25.0,
275,natural,Rajkonna Moisturizing Shower Gel,FREE DELIVERY,330.0,294.0,285.0,330ml,,330.0
276,natural,Laneige Water Sleeping Mask,SALE,350.0,250.0,243.0,15ml,,15.0
277,natural,Amlaki Signature Underarm Brightening Mask,SALE,280.0,235.0,228.0,100gm,100.0,
278,natural,Cosrx Advanced Snail 92 All In One Cream,SALE,2420.0,1650.0,1601.0,100gm,100.0,
279,natural,Groome Charcoal Purifying & Deep Cleansing Nose Strip,SALE,65.0,57.0,55.0,,,
280,natural,Skin Cafe Castor Oil (Cold Pressed),FREE DELIVERY,550.0,490.0,475.0,120ml,,120.0
281,natural,Dabur Amla Hair Oil (Get 50 ml Extra),nan,,360.0,,400ml,,400.0
282,natural,Dabur Amla Hair Oil,nan,,90.0,,100ml,,100.0
283,natural,Dabur Amla Hair Oil (Get 50 ml Extra),nan,,360.0,,400ml,,400.0
284,natural,Dabur Amla Hair Oil,nan,,90.0,,100ml,,100.0
285,natural,Skin Cafe Micellar Water,FREE DELIVERY,350.0,308.0,299.0,120ml,,120.0
286,natural,Glo-On Pink Glow Cream,SALE,80.0,56.0,,25gm,25.0,
287,natural,Pond's Fresh Glow Light Moisturiser with Vitamin E + Glycerine,SALE,250.0,220.0,213.0,50ml,,50.0
288,natural,Wazih Organic Multani Mud Powder,SALE,120.0,100.0,97.0,100gm,100.0,
289,natural,Amlaki Signature Underarm Brightening Mask,SALE,280.0,235.0,228.0,100gm,100.0,
290,natural,Rajkonna Moisturizing Shower Gel,FREE DELIVERY,330.0,294.0,285.0,330ml,,330.0
291,natural,Laneige Water Sleeping Mask,SALE,350.0,250.0,243.0,15ml,,15.0
292,natural,Cosrx Advanced Snail 92 All In One Cream,SALE,2420.0,1650.0,1601.0,100gm,100.0,
293,natural,Groome Charcoal Purifying & Deep Cleansing Nose Strip,SALE,65.0,57.0,55.0,,,
294,natural,Skin Cafe Castor Oil (Cold Pressed),FREE DELIVERY,550.0,490.0,475.0,120ml,,120.0
295,natural,Pond's Fresh Glow Light Moisturiser with Vitamin E + Glycerine,SALE,250.0,220.0,213.0,50ml,,50.0
296,natural,Skin Cafe Micellar Water,FREE DELIVERY,350.0,308.0,299.0,120ml,,120.0
297,natural,Wazih Organic Multani Mud Powder,SALE,120.0,100.0,97.0,100gm,100.0,
298,natural,Glo-On Pink Glow Cream,SALE,80.0,56.0,,25gm,25.0,
299,natural,Rajkonna Moisturizing Shower Gel,FREE DELIVERY,330.0,294.0,285.0,330ml,,330.0
300,natural,Laneige Water Sleeping Mask,SALE,350.0,250.0,243.0,15ml,,15.0
301,natural,Amlaki Signature Underarm Brightening Mask,SALE,280.0,235.0,228.0,100gm,100.0,
302,natural,Cosrx Advanced Snail 92 All In One Cream,SALE,2420.0,1650.0,1601.0,100gm,100.0,
303,natural,Groome Charcoal Purifying & Deep Cleansing Nose Strip,SALE,65.0,57.0,55.0,,,
304,natural,Skin Cafe Castor Oil (Cold Pressed),FREE DELIVERY,550.0,490.0,475.0,120ml,,120.0
305,natural,Dabur Amla Hair Oil (Get 50 ml Extra),nan,,360.0,,400ml,,400.0
306,natural,Dabur Amla Hair Oil,nan,,90.0,,100ml,,100.0
307,natural,Dabur Amla Hair Oil (Get 50 ml Extra),nan,,360.0,,400ml,,400.0
308,natural,Dabur Amla Hair Oil,nan,,90.0,,100ml,,100.0
309,natural,Dabur Amla Hair Oil (Get 50 ml Extra),nan,,360.0,,400ml,,400.0
310,natural,Dabur Amla Hair Oil,nan,,90.0,,100ml,,100.0
