ID,category,product_title,product_ribbon,product_prev_price,product_curr_price,product_app_price,product_weight,weight_gm,weight_ml
0,offers,Skin Cafe Hair Care BOGO Offer 2 ( Skin Cafe Biotin Shampoo with Onion Extract + Skin Cafe Silky Tresses Moisturizing Conditioner ),FREE DELIVERY,,425.0,,,,
1,offers,Skin Cafe Hair Care BOGO Offer 1 ( Skin Cafe Banana Shampoo with Egg Protein + Skin Cafe Silky Tresses Moisturizing Conditioner ),FREE DELIVERY,,425.0,,,,
2,offers,Valene Moon n Back Wireless T-Shirt Bra Combo,COMBO,1750.0,1399.0,,,,
3,offers,Buy 1 Dabur Gold Beliphool Non-Sticky Coconut Hair Oil & Get 1 Lux Soap 75 gm,BUY 1 GET 1,,145.0,,,,
4,offers,Simple Kind To Skin Refreshing Facial Wash Gel,SALE,580.0,499.0,,150ml,,150.0
5,offers,Pond’s Super Light Gel with Hyaluronic Acid + Vitamin E,SALE,180.0,120.0,,25ml,,25.0
6,offers,Garnier Skin Active Micellar Cleansing Water,SALE,550.0,449.0,,100ml,,100.0
7,offers,Livon Serum Hair Essentials Vitamin E,SALE,125.0,87.0,,18ml,,18.0
8,offers,Simple Kind To Skin Soothing Facial Toner,SALE,650.0,499.0,484.0,200ml,,200.0
9,offers,W7 Liquid Eyeliner Pot,SALE,300.0,249.0,237.0,8gm,8.0,
10,offers,Groome Beauty Blender Sponge (Yellow),SALE,180.0,157.0,149.0,,,
11,offers,FOGG perfumed ROLL ON - Bold FOR WOMEN,SALE,199.0,142.0,,50ml,,50.0
12,offers,Couple Combo (Face Wash) - Studio X Brightening Facewash for Men 100ml & Parachute SkinPure Goat Milk Brightening Facewash (Glow) 100gm,COMBO,410.0,314.0,,,,
13,offers,Couple Combo (Face Wash) - Studio X Oil Clear Facewash for Men 100ml & Parachute SkinPure Aloe Vera Brightening Facewash (Oil Control) 100gm,COMBO,410.0,320.0,,,,
14,offers,Parachute Hair Oil Anti Hairfall Oil Extra Care 300ml (Root Applier) Pack of 2 (300ml X 2),COMBO,590.0,540.0,,,,
15,offers,Parachute Anti Hairfall Oil Extra Care 150ml & Parachute Naturale Shampoo Advanced Hair Fall Control 175ml Combo,COMBO,400.0,358.0,,,,
16,offers,ANTI HAIR-FALL BUNDLE - Parachute Anti Hairfall Oil Extra Care 300ml (Root Applier) & Parachute Naturale Shampoo Hijab Fresh 340ml,COMBO,625.0,503.0,,,,
17,offers,Kesh King Hair Fall Defense Combo,COMBO,770.0,590.0,,,,
18,offers,Buy One Livon Hair Serum 100Ml Get One Orange Facewash - Anti Pimple - 50Gm  Free,BUY 1 GET 1,475.0,430.0,,,,
19,offers,Buy One Parachute Naturale Shampoo Damage Repair 340Ml Get One Aloe Vera Facewash - Oil Control - 50Gm Free,BUY 1 GET 1,370.0,305.0,,,,
20,offers,Buy One Parachute Naturale Shampoo Anti Hair Fall 340Ml Get One Orange Facewash - Anti Pimple - 50Gm Free,BUY 1 GET 1,370.0,335.0,,,,
21,offers,Buy One Parachute Naturale Shampoo Damage Repair 340Ml Get One Goat Milk Facewash - Glow - 50Gm  Free,BUY 1 GET 1,370.0,335.0,,,,
22,offers,Buy One Parachute Naturale Shampoo Anti Hair Fall 340Ml Get One Aloe Vera Facewash - Oil Control - 50Gm Free,BUY 1 GET 1,370.0,335.0,,,,
23,offers,Parachute Hair Oil Advansed Aloe Vera Enriched Coconut 150ml Pack of 2 (150ml x 2),COMBO,330.0,264.0,,,,
24,offers,Hair Care Bundle - Livon Hair Serum 100ml & Parachute Naturale Onion Shampoo 175ml,COMBO,715.0,465.0,,,,
25,offers,Couple Combo (Shampoo) - Studio X Anti Dandruff Shampoo for Men 355ml & Parachute Naturale Shampoo Nourishing Care 340ml,COMBO,800.0,635.0,,,,
26,offers,Studio X Clean & Fresh Soap For Men Combo Pack (75gm x 4),COMBO,200.0,180.0,,,,
27,offers,Parachute Hair Oil Advansed Aloe Vera Enriched Coconut 250ml Pack of 2 (250ml x 2),COMBO,490.0,392.0,,,,
28,offers,Nihar Anti Hairfall 5 Seeds Hair Oil 200ml & Parachute Naturale Shampoo Anti Hair Fall 340ml Combo,COMBO,590.0,418.0,,,,
29,offers,Fogg Body spray Women (Paradise) 120ml  COMBO Offer,COMBO,890.0,599.0,,,,
30,offers,FOGG perfumed ROLL ON - Status FOR MEN,SALE,199.0,142.0,,50ml,,50.0
31,offers,FOGG perfumed ROLL ON - Ultimate FOR MEN,SALE,199.0,142.0,,50ml,,50.0
32,offers,Buy 3 Himalaya Neem & Turmeric Soap 125gm Get 45 taka off,SALE,210.0,165.0,,,,
33,offers,Parachute Just for Baby - Face Cream 100g Pack of 2 Combo (100ml x 2),COMBO,450.0,317.0,,,,
34,offers,Buy Parachute Hair Oil Advansed Aloe Vera Enriched Coconut 250Ml + Parachute Naturale Shampoo Nourishing Care 170Ml Get One Skinpure Aloe Vera Gel 50G Free,BUY 1 GET 1,475.0,399.0,,,,
35,offers,Buy One Livon Hair Serum 100Ml Get One Aloe Vera Facewash - Oil Control - 50Gm  Free,BUY 1 GET 1,475.0,430.0,,,,
36,offers,Buy One Parachute Naturale Shampoo Nourishing Care 340Ml Get One Goat Milk Facewash - Glow - 50Gm Free,BUY 1 GET 1,370.0,335.0,,,,
37,offers,Buy One Parachute Naturale Shampoo Nourishing Care 340Ml Get One Orange Facewash - Anti Pimple - 50Gm Free,BUY 1 GET 1,340.0,305.0,,,,
38,offers,Buy One Parachute Naturale Shampoo Anti Hair Fall 340Ml Get One Goat Milk Facewash - Glow - 50Gm Free,BUY 1 GET 1,370.0,335.0,,,,
39,offers,Buy One Parachute Skinpure Aloe Vera Gel 200Ml Get One Aloe Vera Facewash - Oil Control - 50Gm Free,BUY 1 GET 1,335.0,320.0,,,,
40,offers,Parachute Skinpure Aloe Vera Brightening Facewash (Oil Control) Double Pack (100Gm X 2),BUY 1 GET 1,380.0,218.0,,,,
41,offers,Buy One Parachute Skinpure Skin Lotion Natural White 300Ml Get One Goat Milk Facewash - Glow - 50Gm Free,BUY 1 GET 1,320.0,310.0,,,,
42,offers,Buy Parachute Hair Oil Advansed Aloe Vera Enriched Coconut 250Ml + Parachute Naturale Shampoo Nourishing Care 170Ml Get One Skinpure Aloe Vera Gel 50G Free,BUY 1 GET 1,475.0,399.0,,,,
43,offers,Buy One Livon Hair Serum 100Ml Get One Aloe Vera Facewash - Oil Control - 50Gm  Free,BUY 1 GET 1,475.0,430.0,,,,
44,offers,Buy One Parachute Naturale Shampoo Nourishing Care 340Ml Get One Goat Milk Facewash - Glow - 50Gm Free,BUY 1 GET 1,370.0,335.0,,,,
45,offers,Buy One Parachute Naturale Shampoo Anti Hair Fall 340Ml Get One Goat Milk Facewash - Glow - 50Gm Free,BUY 1 GET 1,370.0,335.0,,,,
46,offers,Buy One Parachute Skinpure Aloe Vera Gel 200Ml Get One Aloe Vera Facewash - Oil Control - 50Gm Free,BUY 1 GET 1,335.0,320.0,,,,
47,offers,Parachute Skinpure Aloe Vera Brightening Facewash (Oil Control) Double Pack (100Gm X 2),BUY 1 GET 1,380.0,218.0,,,,
48,offers,Buy One Parachute Skinpure Skin Lotion Natural White 300Ml Get One Goat Milk Facewash - Glow - 50Gm Free,BUY 1 GET 1,320.0,310.0,,,,
49,offers,Buy One Parachute Naturale Shampoo Nourishing Care 340Ml Get One Orange Facewash - Anti Pimple - 50Gm Free,BUY 1 GET 1,340.0,305.0,,,,
50,offers,Couple Combo (Shampoo) - Studio X Clean & Strong Shampoo for Men 175ml & Parachute Naturale Shampoo Anti Hair Fall 170ml,COMBO,450.0,304.0,,,,
51,offers,Studio X Men's Grooming Bundle Pack (Small) - Shampoo 175ml + Facewash 50ml + Soap 75g + Hair Gel 50ml,BUY 1 GET 1,520.0,492.0,,,,
52,offers,Parachute Hair Oil Advansed Beliphool 200ml & Glo-On Pink Glow Cream 50gm Combo,BUY 1 GET 1,330.0,300.0,,,,
53,offers,Fogg Scent Prince 30ml (2 pieces Combo),COMBO,520.0,421.0,,,,
54,offers,Fogg Scent Sultan 30ml (2 pieces Combo),COMBO,520.0,410.0,,,,
55,offers,Studio X Ultimate Hold Hair Gel,SALE,140.0,119.0,,100ml,,100.0
56,offers,Studio X Oil Clear Face wash for Men,SALE,130.0,104.0,,50ml,,50.0
57,offers,FOGG perfumed ROLL ON - Absolute 50ml,SALE,199.0,142.0,,50ml,,50.0
58,offers,Parachute SkinPure Goat Milk Brightening Facewash (Glow) 100gm & GLO-ON Pink Glow Cream 50gm Combo,BUY 1 GET 1,350.0,261.0,,,,
59,offers,Buy Parachute Hair Oil Advansed Aloe Vera Enriched Coconut 250Ml + Parachute Naturale Shampoo Anti Hair Fall 170Ml Get Skinpure Aloe Vera Gel 50G Free,BUY 1 GET 1,475.0,359.0,,,,
60,offers,Parachute Hair Oil Anti Hairfall Oil Extra Care 150Ml (Root Applier) Pack Of 2 (150Ml X 2),BUY 1 GET 1,320.0,290.0,,,,
61,offers,Buy One Livon Hair Serum 100Ml Get One Goat Milk Facewash - Glow - 50Gm  Free,BUY 1 GET 1,475.0,430.0,,,,
62,offers,Buy One Parachute Naturale Shampoo Damage Repair 340Ml Get One Goat Milk Facewash - Glow - 50Gm  Free,BUY 1 GET 1,370.0,335.0,,,,
63,offers,Parachute Skinpure Aloe Vera Brightening Facewash (Oil Control) Double Pack (100Gm X 2),BUY 1 GET 1,380.0,218.0,,,,
64,offers,Buy One Parachute Skinpure Skin Lotion Natural White 300Ml Get One Goat Milk Facewash - Glow - 50Gm Free,BUY 1 GET 1,320.0,310.0,,,,
65,offers,Parachute Just for Baby - Face Cream 100g Pack of 2 Combo (100ml x 2),COMBO,450.0,317.0,,,,
66,offers,Couple Combo (Shampoo) - Studio X Clean & Strong Shampoo for Men 175ml & Parachute Naturale Shampoo Anti Hair Fall 170ml,COMBO,450.0,304.0,,,,
67,offers,Parachute Hair Oil Advansed Beliphool 200ml & Glo-On Pink Glow Cream 50gm Combo,BUY 1 GET 1,330.0,300.0,,,,
68,offers,Studio X Men's Grooming Bundle Pack (Small) - Shampoo 175ml + Facewash 50ml + Soap 75g + Hair Gel 50ml,BUY 1 GET 1,520.0,492.0,,,,
69,offers,Fogg Scent Prince 30ml (2 pieces Combo),COMBO,520.0,421.0,,,,
70,offers,Fogg Scent Sultan 30ml (2 pieces Combo),COMBO,520.0,410.0,,,,
71,offers,Studio X Ultimate Hold Hair Gel,SALE,140.0,119.0,,100ml,,100.0
72,offers,Studio X Oil Clear Face wash for Men,SALE,130.0,104.0,,50ml,,50.0
73,offers,Lux Body Wash French Rose & Almond,nan,,200.0,,245ml,,245.0
74,offers,Exclusive Skin Care BOGO Offer (Rajkonna All Purpose Toner  + Ponds Super Light Gel with Hyaluronic Acid + Vitamin E),FREE DELIVERY,,240.0,,,,
75,offers,Parachute Skinpure Skin Lotion Natural Moisture 200Ml (Get 100Ml Free),BUY 1 GET 1,,230.0,,,,
76,offers,Buy 1 SESA Herbal Hair Oil 100ml & Get 1 50ml Onion Herbal Shampoo Free,BUY 1 GET 1,,220.0,,,,
77,offers,Parachute SkinPure Skin Lotion Deep Moisture 300ml (100ml Lotion Free),BUY 1 GET 1,,320.0,,300ml,,300.0
78,offers,Actisef Original Soap 75g (Buy 3 Get 1),BUY 1 GET 1,,120.0,,,,
79,offers,Actisef Nourish Soap 75g (Buy 3 Get 1),BUY 1 GET 1,,120.0,,,,
80,offers,Refresh & Revive BOGO Offer (Panam Care Deep Clean Facial Wash- Apple Cider Vinegar 100.0 ml + Pond’s Super Light Gel with Hyaluronic Acid + Vitamin E),BUY 1 GET 1,,230.0,,,,
81,offers,White Tone face Powder -30gm + White Tone face Cream -25gm COMBO Offer,COMBO,,249.0,,,,
82,offers,Parachute Skinpure Skin Lotion Natural White 200Ml (Get 100Ml Free),BUY 1 GET 1,,240.0,,,,
83,offers,Groome's Good Deal 1 (Get Two packet of Groome Charcoal Nose strips 6 pcs & Save TK 80),COMBO,,270.0,,,,
84,offers,Godrej No 1 Lime Soap 75 gm (Buy 4 Get 1 Free),BUY 1 GET 1,,152.0,,,,
85,offers,Groome's Good Deal 1 (Get Two packet of Groome Charcoal Nose strips 6 pcs & Save TK 80),COMBO,,270.0,,,,
86,offers,Parachute Just for Baby - Baby Wash (Baby Soap 75g Free),BUY 1 GET 1,,285.0,,200ml,,200.0
87,offers,Parachute SkinPure Skin Lotion Natural White  (100ml Natural Moisture Lotion Free),BUY 1 GET 1,,320.0,,300ml,,300.0
88,offers,Buy 1 Studio X Clean & Strong Shampoo for Men 355ml Get 2 Studio X Soap 75gm Free,BUY 1 GET 1,,430.0,,,,
89,offers,Buy Himalaya Fresh Start Peach 100ml Get Himalaya Neem Soap 75gm Free,BUY 1 GET 1,,199.0,,,,
90,offers,Buy 1 Red King Men'S Cooling Oil 100Ml Get 12 Pcs Nourishing Care Shampoo Free,BUY 1 GET 1,,125.0,,,,
91,offers,Buy 1 Red King Men'S Cooling Oil 100Ml Get 12 Pcs Anti Hair Fall Shampoo Free,BUY 1 GET 1,,125.0,,,,
92,offers,Buy 1 Tresemmé Color Revitalise Shampoo 580.0 Ml & Get 1 Stylish Clutch Free,BUY 1 GET 1,,740.0,,580ml,,580.0
93,offers,Studio X Anti Dandruff Shampoo for Men 175ml (75gm Soap Free),BUY 1 GET 1,,260.0,,175ml,,175.0
94,offers,Groome's Good Deal 3 (Get Two packet of Groome Tea Tree Nose Strips 6 pcs & Save TK 80),COMBO,,270.0,,,,
95,offers,Parachute Just for Baby - Baby Oil 200ml (Baby Wash 100ml FREE),BUY 1 GET 1,,390.0,,,,
96,offers,Dabur Gold Beliphool Non-Sticky Coconut Hair Oil 40 ml (Buy 3 Get 1 Free),BUY 1 GET 1,,75.0,,,,
97,offers,Godrej No.1 Lime Soap 100 gm (Buy 4 Get 1 Free),BUY 1 GET 1,,200.0,,,,
98,offers,Godrej No.1 Rose 100gm (Buy 4 Get 1 Free),BUY 1 GET 1,,220.0,,,,
99,offers,Godrej No 1 Jasmine Soap 100 gm (Buy 2 Get 15tk Off),BUY 1 GET 1,,110.0,,,,
100,offers,Godrej No.1 Rose 100gm (Buy 2 Get 15tk Off),BUY 1 GET 1,,110.0,,,,
101,offers,Godrej No 1 Rose Soap 75 gm (Buy 4 Get 1 Free),BUY 1 GET 1,,152.0,,,,
102,offers,Buy Anti Dandruff shampoo SM 180 ml and Himalaya’s Purifying Neem Face Wash 150 ml to Get 75tk Cash Discount,COMBO,,415.0,,,,
103,offers,Parachute SkinPure Aloe Vera Brightening Facewash (Oil Control) 100gm (Get 50gm Facewash FREE),BUY 1 GET 1,,190.0,,,,
104,offers,Parachute SkinPure Orange Brightening Facewash (Anti Pimple) 100gm (Get 50gm Facewash FREE),BUY 1 GET 1,,190.0,,,,
105,offers,She Is Sexy Perfume 50ml & Deodorant 150ml Gift Set,COMBO,,1290.0,,200ml,,200.0
106,offers,Parachute Naturale Shampoo Anti Hair Fall 340ml (FREE Parachute Advansed Aloe Vera Hair Oil 150ml),BUY 1 GET 1,,370.0,,,,
107,offers,Godrej No.1 Lime Soap 100 gm (Buy 3 Get 1 Free),BUY 1 GET 1,,165.0,,,,
108,offers,Godrej No.1 Sandal Soap 100 gm (Buy 3 Get 1 Free),BUY 1 GET 1,,165.0,,,,
109,offers,Godrej No 1 Jasmine Soap 100 gm (Buy 3 Get 1 Free),BUY 1 GET 1,,165.0,,,,
110,offers,Godrej No 1 Rose Soap 100 gm (Buy 3 Get 1 Free),BUY 1 GET 1,,165.0,,,,
111,offers,Livon Anti Hairfall Protein Shampoo 300ml (FREE Livon Hair Serum 50ml),BUY 1 GET 1,,475.0,,,,
112,offers,Godrej Aer Power Pocket Bathroom Fragrance Sea Breeze 10 gm (Buy 3 Get 1 Free),BUY 1 GET 1,,210.0,,,,
113,offers,Dabur Vatika Black Shine Shampoo 180 ml (Free Vatika Black Shine Shampoo 90 ml),BUY 1 GET 1,,230.0,,,,
114,offers,Buy 1 Studio X Clean & Strong Shampoo for Men 355ml Get 2 Studio X Soap 75gm Free,BUY 1 GET 1,,430.0,,,,
115,offers,Buy Himalaya Fresh Start Peach 100ml Get Himalaya Neem Soap 75gm Free,BUY 1 GET 1,,199.0,,,,
116,offers,Buy 1 Red King Men'S Cooling Oil 100Ml Get 12 Pcs Nourishing Care Shampoo Free,BUY 1 GET 1,,125.0,,,,
117,offers,Buy 1 Red King Men'S Cooling Oil 100Ml Get 12 Pcs Anti Hair Fall Shampoo Free,BUY 1 GET 1,,125.0,,,,
118,offers,Buy Parachute Naturale Shampoo Nourishing Care 340ml Get GLO-ON Pink Glow Cream 50gm Free,BUY 1 GET 1,,370.0,,,,
119,offers,Kumarika Herbal Beauty Soap 100g  (Buy 3 Get 1),BUY 1 GET 1,,180.0,,,,
120,offers,Dabur Methi Amla Non-Sticky Hair Oil (Pack of 3),COMBO,,225.0,,,,
121,offers,Dabur Gold Beliphool Coconut Hair Oil (Pack of 3),COMBO,,225.0,,,,
122,offers,Dabur Herb'l Intense Fresh Gel Toothpaste (Pack of 3),COMBO,,225.0,,,,
123,offers,Buy 1 Tresemmé Color Revitalise Shampoo 580.0 Ml & Get 1 Stylish Clutch Free,BUY 1 GET 1,,740.0,,580ml,,580.0
124,offers,Buy Dabur Amla Hair Oil 300ml get Free Gulabari 120ml,BUY 1 GET 1,,250.0,,,,
125,offers,Buy Dabur Red ToothPaste 200gm Get Free Red Toothpaste 100gm,BUY 1 GET 1,,145.0,,,,
126,offers,Divas Secret Brightening Combo (Body Emulsion 220ml & Intimate Brightening Solution 20 ml),COMBO,,395.0,,,,
127,offers,Parachute Naturale Shampoo Anti Hair Fall 340ml (80ml Shampoo Free),BUY 1 GET 1,,370.0,,340ml,,340.0
128,offers,Parachute Naturale Shampoo Nourishing Care (80ml Shampoo Free),BUY 1 GET 1,,370.0,,340ml,,340.0
129,offers,Freyias Tea Tree Foaming Face Wash - 200 ml (Freyias Tea Tree Toner 20ml Free),BUY 1 GET 1,,350.0,,200ml,,200.0
130,offers,Johnson's Baby Lotion 100ml + Johnson's Baby Soap 50 gm,COMBO,,299.0,,,,
131,offers,Johnson's Baby TTT Bath 200 ml + Johnson's Baby Oil 100ml,COMBO,,530.0,,,,
132,offers,Johnson's Baby Soap 50 gm (Buy 3 Get 1),BUY 1 GET 1,,300.0,,,,
133,offers,Nivea Shower Gel Water Lily & Oil and Face Wash Total Face Cleanup Combo (71Tk Off),COMBO,,799.0,,,,
134,offers,Buy 1 Freyias Anti Dandruff Shampoo with Apple Cider Vinegar 220ml & Get 1 Freyias Moisture Sealing Hair Conditioner 100ml Free,BUY 1 GET 1,,399.0,,,,
135,offers,Buy 1 Freyias Nourishing Shampoo with Aloe Vera Extract 220ml & Get 1 Freyias Moisture Sealing Hair Conditioner 100ml Free,BUY 1 GET 1,,399.0,,,,
136,offers,Buy 1 Freyias Hair Fall Control Shampoo with Onion Oil 220ml & Get 1 Freyias Moisture Sealing Hair Conditioner 100ml Free,BUY 1 GET 1,,399.0,,,,
137,offers,Parachute SkinPure Aloe Vera Brightening Facewash (Oil Control) 100gm (Get 50gm Facewash FREE),BUY 1 GET 1,,190.0,,,,
138,offers,Parachute SkinPure Orange Brightening Facewash (Anti Pimple) 100gm (Get 50gm Facewash FREE),BUY 1 GET 1,,190.0,,,,
139,offers,Rongon Nourishing Hair Tonic (Buy 1 Get 1),BUY 1 GET 1,,230.0,,,,
140,offers,Dabur Vatika Black Shine Shampoo 180 ml (Free Vatika Black Shine Shampoo 90 ml),BUY 1 GET 1,,230.0,,,,
141,offers,Godrej Aer Power Pocket Bathroom Fragrance Sea Breeze 10 gm (Buy 3 Get 1 Free),BUY 1 GET 1,,210.0,,,,
142,offers,Kumarika Herbal Beauty Soap 100g  (Buy 3 Get 1),BUY 1 GET 1,,180.0,,,,
143,offers,Dabur Methi Amla Non-Sticky Hair Oil (Pack of 3),COMBO,,225.0,,,,
144,offers,Dabur Gold Beliphool Coconut Hair Oil (Pack of 3),COMBO,,225.0,,,,
145,offers,Dabur Herb'l Intense Fresh Gel Toothpaste (Pack of 3),COMBO,,225.0,,,,
146,offers,Parachute Just for Baby - Baby Oil 200ml (Baby Wash 100ml FREE),BUY 1 GET 1,,390.0,,,,
147,offers,BUY Ossum Fragrance Body Mist Green Tea 120ml  GET 15ml Scent Tycoon  FREE,BUY 1 GET 1,,375.0,,,,
148,offers,BUY Ossum Fragrance Body Mist Peach 120ml  GET 15ml Scent Sultan FREE,BUY 1 GET 1,,375.0,,,,
149,offers,BUY Ossum Perfumed Body Mist (Delight) 115ml GET Fogg 50ml Bold Roll On FREE,BUY 1 GET 1,,515.0,,,,
150,offers,Dove Hairfall Rescue Shampoo 6ml (Buy 11 Get 1 Free),BUY 1 GET 1,,44.0,,,,
151,offers,Aromer. Skincare  Combo (Cleanser+Toner+Serum),COMBO,,2349.0,,,,
152,offers,Buy Lavino Mint Shower Gel - with Peppermint Extract and get 1 Shower Ball ( Random Colour),BUY 1 GET 1,,475.0,,,,
153,offers,Parachute Hair Oil Anti Hairfall Oil Extra Care 300ml (Root Applier) (FREE 75ml Hair Oil Pack),BUY 1 GET 1,,295.0,,,,
154,offers,Parachute Naturale Shampoo Damage Repair 340ml (FREE Parachute Advansed Aloe Vera Hair Oil 150ml),BUY 1 GET 1,,370.0,,,,
155,offers,Parachute SkinPure Goat Milk Brightening Facewash (Glow) 50gm (Buy 3 Get 1 Free),BUY 1 GET 1,,270.0,,,,
156,offers,Dove Shampoo Hairfall Rescue 330ml (Stylish Purse Free),BUY 1 GET 1,,470.0,,330ml,,330.0
157,offers,Buy Dove Shampoo Intense Repair 330ml Get Stylish Purse Free,BUY 1 GET 1,,470.0,,330ml,,330.0
158,offers,Buy Dabur Vatika Enriched Coconut Hair Oil 150ml and get  free Dabur Red Toothpaste 25gm,BUY 1 GET 1,,160.0,,,,
159,offers,Buy Dabur Vatika Enriched Coconut Hair Oil 300 ml and get Vatika Black Shine Shampoo 90 ml Free,BUY 1 GET 1,,295.0,,,,
160,offers,Buy 3 Odonil Natural Air Freshener Block Lavender Meadows Hanger 48 gm and get 1 free,BUY 1 GET 1,,255.0,,,,
161,offers,Godrej Aer Power Pocket Bathroom Fragrance Lavender Bloom 10 gm (Buy 3 Get 1 Free),BUY 1 GET 1,,210.0,,,,
162,offers,Godrej No 1 Jasmine Soap 100 gm (Buy 4 Get 1 Free),BUY 1 GET 1,,200.0,,,,
163,offers,Godrej Cinthol Soap Health+ 100 gm (Buy 3 Get 1 Free),BUY 1 GET 1,,180.0,,,,
164,offers,Godrej Cinthol Lime Refreshing Deo Soap 100 gm (Buy 3 Get 1 Free),BUY 1 GET 1,,180.0,,,,
165,offers,Buy One Parachute Hair Oil Advansed Aloe Vera Enriched Coconut 250Ml Double Pack Get One Goat Milk Facewash - Glow - 50Gm  Free,BUY 1 GET 1,,450.0,,,,
166,offers,Buy One Parachute Hair Oil Advansed Aloe Vera Enriched Coconut 250Ml Double Pack Get One Aloe Vera Facewash - Oil Control - 50Gm Free,BUY 1 GET 1,,450.0,,,,
167,offers,Buy One Parachute Hair Oil Advansed Aloe Vera Enriched Coconut 250Ml Double Pack Get One Orange Facewash - Anti Pimple - 50Gm Free,BUY 1 GET 1,,450.0,,,,
168,offers,Freyias Weekly Peeling Milk Face Wash 100ml & Divas Secret Intimate Brightening Solution 50 ml Combo,COMBO,,449.0,,,,
169,offers,Freyias Weekly Peeling Aloe Vera Face Wash 100ml & Divas Secret Intimate Brightening Solution 50 ml Combo,COMBO,,449.0,,,,
170,offers,Parachute Naturale Shampoo Damage Repair 340ml (80ml Shampoo Free),BUY 1 GET 1,,370.0,,340ml,,340.0
171,offers,Odonil Natural Air Freshener Block Lavender Meadows (Buy 2 Get 1 Free) 75 gm,BUY 1 GET 1,,150.0,,75gm,75.0,
172,offers,Studio X Clean & Strong Shampoo for Men 175ml (75ml Soap Free),BUY 1 GET 1,,250.0,,175ml,,175.0
173,offers,Studio X Anti Dandruff Shampoo for Men 355ml (50ml Facewash Free),BUY 1 GET 1,,430.0,,355ml,,355.0
174,offers,Parachute SkinPure Skin Lotion Natural White 100ml (15ml Petroleum Jelly Free),BUY 1 GET 1,,145.0,,100ml,,100.0
175,offers,Dabur Vatika Black Shine Shampoo Sachet 6 ml (Pack of 12) - Get 2 pcs Free,BUY 1 GET 1,,24.0,,,,
176,offers,Nicka K Non-latex Airbrush 3 Combo,COMBO,,550.0,,,,
177,offers,Sensodyne Sensitive Soft Toothbrush Buy 2 Get 1 Free,BUY 1 GET 1,,200.0,,,,
178,offers,Johnson's Baby Lotion 100ml + Johnson's Baby Soap 50 gm,COMBO,,299.0,,,,
179,offers,Johnson's Baby TTT Bath 200 ml + Johnson's Baby Oil 100ml,COMBO,,530.0,,,,
180,offers,Johnson's Baby Soap 50 gm (Buy 3 Get 1),BUY 1 GET 1,,300.0,,,,
181,offers,Nivea Shower Gel Water Lily & Oil and Face Wash Total Face Cleanup Combo (71Tk Off),COMBO,,799.0,,,,
182,offers,Buy 1 Freyias Anti Dandruff Shampoo with Apple Cider Vinegar 220ml & Get 1 Freyias Moisture Sealing Hair Conditioner 100ml Free,BUY 1 GET 1,,399.0,,,,
183,offers,Buy 1 Freyias Nourishing Shampoo with Aloe Vera Extract 220ml & Get 1 Freyias Moisture Sealing Hair Conditioner 100ml Free,BUY 1 GET 1,,399.0,,,,
184,offers,Buy 1 Freyias Hair Fall Control Shampoo with Onion Oil 220ml & Get 1 Freyias Moisture Sealing Hair Conditioner 100ml Free,BUY 1 GET 1,,399.0,,,,
185,offers,Parachute SkinPure Aloe Vera Brightening Facewash (Oil Control) 100gm (Get 50gm Facewash FREE),BUY 1 GET 1,,190.0,,,,
186,offers,Parachute SkinPure Orange Brightening Facewash (Anti Pimple) 100gm (Get 50gm Facewash FREE),BUY 1 GET 1,,190.0,,,,
187,offers,Rongon Nourishing Hair Tonic (Buy 1 Get 1),BUY 1 GET 1,,230.0,,,,
188,offers,Dabur Vatika Black Shine Shampoo 180 ml (Free Vatika Black Shine Shampoo 90 ml),BUY 1 GET 1,,230.0,,,,
189,offers,BUY Ossum Fragrance Body Mist Frenzy 120ml  GET 15ml Scent Prince FREE,BUY 1 GET 1,,375.0,,,,
190,offers,Organic Hair Harmony: Lavino & Parachute - Combo Offer,COMBO,,320.0,,,,
191,offers,(Buy 4 Get 1 Free) Aer Power Pocket Bathroom Freshener Tangy Delight 10 gm,BUY 1 GET 1,,280.0,,,,
192,offers,Buy 2 Sofy Sanitary Napkin Cool Ex.Long 7N Get 1  Sofy Sanitary Napkin Cool Ex.Long Free,BUY 1 GET 1,,390.0,,,,
193,offers,Bless Your Lips Combo,COMBO,,450.0,,,,
194,offers,Parachute Coconut Oil 200ml & GLO-ON Pink Glow Cream 50gm Combo,BUY 1 GET 1,,315.0,,,,
195,offers,Buy Parachute Naturale Shampoo Damage Repair 340ml Get GLO-ON Pink Glow Cream 50gm Free,BUY 1 GET 1,,370.0,,,,
196,offers,Buy Parachute Naturale Shampoo Anti Hair Fall 340ml Get GLO-ON Pink Glow Cream 50gm Free,BUY 1 GET 1,,370.0,,,,
197,offers,Dove Shampoo Oxygen Moisture 330ml (Conditioner Free),BUY 1 GET 1,,470.0,,330ml,,330.0
198,offers,Buy Himalaya Fresh Start Blueberry 100ml Get Himalaya Neem Soap 75gm Free,BUY 1 GET 1,,199.0,,,,
199,offers,Free Chorki Subscription- Dettol Shower Gel Original Pine Fragrance Antibacterial Bodywash Protects From 99.9% Of Germs (3 Day Subscription),COMBO,,200.0,,250ml,,250.0
200,offers,Buy 1 Daily Care 200ml Oil Get 1 Daily Care 200ml Oil Free,BUY 1 GET 1,,210.0,,,,
201,offers,Godrej Aer Power Pocket Bathroom Fragrance  Rose Fresh Blossom 10g (Buy 3 Get 1 Free),BUY 1 GET 1,,210.0,,,,
202,offers,Rongon Revitalizing Hair Tonic 100ml (Buy 1 Get 1),BUY 1 GET 1,,270.0,,,,
203,offers,Buy Himalaya  Youth Eternity  Under Eye Cream-15ml & Get Himalaya Fresh Start Face Wash  Strawberry -100ml FREE,BUY 1 GET 1,,700.0,,,,
204,offers,Couple Combo (Shampoo) - Studio X Anti Dandruff Shampoo for Men 175ml & Parachute Naturale Shampoo Nourishing Care 170ml,COMBO,,490.0,,,,
205,offers,Parachute Just for Baby - Baby Oil 200ml (Baby Face Cream 50g FREE),BUY 1 GET 1,,390.0,,,,
206,offers,Parachute SkinPure Skin Lotion Natural Moisture 200ml (Free SkinPure Aloe Vera Gel 50g),BUY 1 GET 1,,230.0,,,,
207,offers,Parachute SkinPure Skin Lotion Natural White 200ml (Free SkinPure Aloe Vera Gel 50g),BUY 1 GET 1,,240.0,,,,
208,offers,Saffola Honey 100gm (15ml Petroleum Jelly Free),BUY 1 GET 1,,110.0,,,,
209,offers,Saffola Honey 250gm (50ml Petroleum Jelly Free),BUY 1 GET 1,,220.0,,,,
210,offers,Parachute Just for Baby - Face Cream 100g Pack of 2 Combo (100ml x 2),COMBO,450.0,317.0,,,,
211,offers,Buy Parachute Hair Oil Advansed Aloe Vera Enriched Coconut 250Ml + Parachute Naturale Shampoo Nourishing Care 170Ml Get One Skinpure Aloe Vera Gel 50G Free,BUY 1 GET 1,475.0,399.0,,,,
212,offers,Buy One Livon Hair Serum 100Ml Get One Aloe Vera Facewash - Oil Control - 50Gm  Free,BUY 1 GET 1,475.0,430.0,,,,
213,offers,Buy One Parachute Naturale Shampoo Nourishing Care 340Ml Get One Goat Milk Facewash - Glow - 50Gm Free,BUY 1 GET 1,370.0,335.0,,,,
214,offers,Buy One Parachute Naturale Shampoo Nourishing Care 340Ml Get One Orange Facewash - Anti Pimple - 50Gm Free,BUY 1 GET 1,340.0,305.0,,,,
215,offers,Buy One Parachute Naturale Shampoo Anti Hair Fall 340Ml Get One Goat Milk Facewash - Glow - 50Gm Free,BUY 1 GET 1,370.0,335.0,,,,
216,offers,Buy One Parachute Skinpure Aloe Vera Gel 200Ml Get One Aloe Vera Facewash - Oil Control - 50Gm Free,BUY 1 GET 1,335.0,320.0,,,,
217,offers,Parachute Skinpure Aloe Vera Brightening Facewash (Oil Control) Double Pack (100Gm X 2),BUY 1 GET 1,380.0,218.0,,,,
218,offers,Buy One Parachute Skinpure Skin Lotion Natural White 300Ml Get One Goat Milk Facewash - Glow - 50Gm Free,BUY 1 GET 1,320.0,310.0,,,,
219,offers,Buy Parachute Hair Oil Advansed Aloe Vera Enriched Coconut 250Ml + Parachute Naturale Shampoo Nourishing Care 170Ml Get One Skinpure Aloe Vera Gel 50G Free,BUY 1 GET 1,475.0,399.0,,,,
220,offers,Buy One Livon Hair Serum 100Ml Get One Aloe Vera Facewash - Oil Control - 50Gm  Free,BUY 1 GET 1,475.0,430.0,,,,
221,offers,Buy One Parachute Naturale Shampoo Nourishing Care 340Ml Get One Goat Milk Facewash - Glow - 50Gm Free,BUY 1 GET 1,370.0,335.0,,,,
222,offers,Buy One Parachute Naturale Shampoo Anti Hair Fall 340Ml Get One Goat Milk Facewash - Glow - 50Gm Free,BUY 1 GET 1,370.0,335.0,,,,
223,offers,Buy One Parachute Skinpure Aloe Vera Gel 200Ml Get One Aloe Vera Facewash - Oil Control - 50Gm Free,BUY 1 GET 1,335.0,320.0,,,,
224,offers,Parachute Skinpure Aloe Vera Brightening Facewash (Oil Control) Double Pack (100Gm X 2),BUY 1 GET 1,380.0,218.0,,,,
225,offers,Buy One Parachute Skinpure Skin Lotion Natural White 300Ml Get One Goat Milk Facewash - Glow - 50Gm Free,BUY 1 GET 1,320.0,310.0,,,,
226,offers,Buy One Parachute Naturale Shampoo Nourishing Care 340Ml Get One Orange Facewash - Anti Pimple - 50Gm Free,BUY 1 GET 1,340.0,305.0,,,,
227,offers,Couple Combo (Shampoo) - Studio X Clean & Strong Shampoo for Men 175ml & Parachute Naturale Shampoo Anti Hair Fall 170ml,COMBO,450.0,304.0,,,,
228,offers,Studio X Men's Grooming Bundle Pack (Small) - Shampoo 175ml + Facewash 50ml + Soap 75g + Hair Gel 50ml,BUY 1 GET 1,520.0,492.0,,,,
229,offers,Parachute Hair Oil Advansed Beliphool 200ml & Glo-On Pink Glow Cream 50gm Combo,BUY 1 GET 1,330.0,300.0,,,,
230,offers,Fogg Scent Prince 30ml (2 pieces Combo),COMBO,520.0,421.0,,,,
231,offers,Fogg Scent Sultan 30ml (2 pieces Combo),COMBO,520.0,410.0,,,,
232,offers,Studio X Ultimate Hold Hair Gel,SALE,140.0,119.0,,100ml,,100.0
233,offers,Studio X Oil Clear Face wash for Men,SALE,130.0,104.0,,50ml,,50.0
234,offers,Parachute Skinpure Aloe Vera Brightening Facewash (Oil Control) Double Pack (100Gm X 2),BUY 1 GET 1,380.0,218.0,,,,
235,offers,Buy One Parachute Skinpure Skin Lotion Natural White 300Ml Get One Goat Milk Facewash - Glow - 50Gm Free,BUY 1 GET 1,320.0,310.0,,,,
236,offers,Parachute Just for Baby - Face Cream 100g Pack of 2 Combo (100ml x 2),COMBO,450.0,317.0,,,,
237,offers,Couple Combo (Shampoo) - Studio X Clean & Strong Shampoo for Men 175ml & Parachute Naturale Shampoo Anti Hair Fall 170ml,COMBO,450.0,304.0,,,,
238,offers,Parachute Hair Oil Advansed Beliphool 200ml & Glo-On Pink Glow Cream 50gm Combo,BUY 1 GET 1,330.0,300.0,,,,
239,offers,Studio X Men's Grooming Bundle Pack (Small) - Shampoo 175ml + Facewash 50ml + Soap 75g + Hair Gel 50ml,BUY 1 GET 1,520.0,492.0,,,,
240,offers,Fogg Scent Prince 30ml (2 pieces Combo),COMBO,520.0,421.0,,,,
241,offers,Fogg Scent Sultan 30ml (2 pieces Combo),COMBO,520.0,410.0,,,,
242,offers,Studio X Ultimate Hold Hair Gel,SALE,140.0,119.0,,100ml,,100.0
243,offers,Studio X Oil Clear Face wash for Men,SALE,130.0,104.0,,50ml,,50.0
244,offers,Groome's Good Deal 1 (Get Two packet of Groome Charcoal Nose strips 6 pcs & Save TK 80),COMBO,,270.0,,,,
245,offers,Groome's Good Deal 1 (Get Two packet of Groome Charcoal Nose strips 6 pcs & Save TK 80),COMBO,,270.0,,,,
246,offers,Buy 1 Studio X Clean & Strong Shampoo for Men 355ml Get 2 Studio X Soap 75gm Free,BUY 1 GET 1,,430.0,,,,
247,offers,Buy Himalaya Fresh Start Peach 100ml Get Himalaya Neem Soap 75gm Free,BUY 1 GET 1,,199.0,,,,
248,offers,Buy 1 Red King Men'S Cooling Oil 100Ml Get 12 Pcs Nourishing Care Shampoo Free,BUY 1 GET 1,,125.0,,,,
249,offers,Buy 1 Red King Men'S Cooling Oil 100Ml Get 12 Pcs Anti Hair Fall Shampoo Free,BUY 1 GET 1,,125.0,,,,
250,offers,Buy 1 Tresemmé Color Revitalise Shampoo 580.0 Ml & Get 1 Stylish Clutch Free,BUY 1 GET 1,,740.0,,580ml,,580.0
251,offers,Parachute Just for Baby - Baby Oil 200ml (Baby Wash 100ml FREE),BUY 1 GET 1,,390.0,,,,
252,offers,Parachute SkinPure Aloe Vera Brightening Facewash (Oil Control) 100gm (Get 50gm Facewash FREE),BUY 1 GET 1,,190.0,,,,
253,offers,Parachute SkinPure Orange Brightening Facewash (Anti Pimple) 100gm (Get 50gm Facewash FREE),BUY 1 GET 1,,190.0,,,,
254,offers,Godrej Aer Power Pocket Bathroom Fragrance Sea Breeze 10 gm (Buy 3 Get 1 Free),BUY 1 GET 1,,210.0,,,,
255,offers,Dabur Vatika Black Shine Shampoo 180 ml (Free Vatika Black Shine Shampoo 90 ml),BUY 1 GET 1,,230.0,,,,
256,offers,Buy 1 Studio X Clean & Strong Shampoo for Men 355ml Get 2 Studio X Soap 75gm Free,BUY 1 GET 1,,430.0,,,,
257,offers,Buy Himalaya Fresh Start Peach 100ml Get Himalaya Neem Soap 75gm Free,BUY 1 GET 1,,199.0,,,,
258,offers,Buy 1 Red King Men'S Cooling Oil 100Ml Get 12 Pcs Nourishing Care Shampoo Free,BUY 1 GET 1,,125.0,,,,
259,offers,Buy 1 Red King Men'S Cooling Oil 100Ml Get 12 Pcs Anti Hair Fall Shampoo Free,BUY 1 GET 1,,125.0,,,,
260,offers,Kumarika Herbal Beauty Soap 100g  (Buy 3 Get 1),BUY 1 GET 1,,180.0,,,,
261,offers,Dabur Methi Amla Non-Sticky Hair Oil (Pack of 3),COMBO,,225.0,,,,
262,offers,Dabur Gold Beliphool Coconut Hair Oil (Pack of 3),COMBO,,225.0,,,,
263,offers,Dabur Herb'l Intense Fresh Gel Toothpaste (Pack of 3),COMBO,,225.0,,,,
264,offers,Buy 1 Tresemmé Color Revitalise Shampoo 580.0 Ml & Get 1 Stylish Clutch Free,BUY 1 GET 1,,740.0,,580ml,,580.0
265,offers,Johnson's Baby Lotion 100ml + Johnson's Baby Soap 50 gm,COMBO,,299.0,,,,
266,offers,Johnson's Baby TTT Bath 200 ml + Johnson's Baby Oil 100ml,COMBO,,530.0,,,,
267,offers,Johnson's Baby Soap 50 gm (Buy 3 Get 1),BUY 1 GET 1,,300.0,,,,
268,offers,Nivea Shower Gel Water Lily & Oil and Face Wash Total Face Cleanup Combo (71Tk Off),COMBO,,799.0,,,,
269,offers,Buy 1 Freyias Anti Dandruff Shampoo with Apple Cider Vinegar 220ml & Get 1 Freyias Moisture Sealing Hair Conditioner 100ml Free,BUY 1 GET 1,,399.0,,,,
270,offers,Buy 1 Freyias Nourishing Shampoo with Aloe Vera Extract 220ml & Get 1 Freyias Moisture Sealing Hair Conditioner 100ml Free,BUY 1 GET 1,,399.0,,,,
271,offers,Buy 1 Freyias Hair Fall Control Shampoo with Onion Oil 220ml & Get 1 Freyias Moisture Sealing Hair Conditioner 100ml Free,BUY 1 GET 1,,399.0,,,,
272,offers,Parachute SkinPure Aloe Vera Brightening Facewash (Oil Control) 100gm (Get 50gm Facewash FREE),BUY 1 GET 1,,190.0,,,,
273,offers,Parachute SkinPure Orange Brightening Facewash (Anti Pimple) 100gm (Get 50gm Facewash FREE),BUY 1 GET 1,,190.0,,,,
274,offers,Rongon Nourishing Hair Tonic (Buy 1 Get 1),BUY 1 GET 1,,230.0,,,,
275,offers,Dabur Vatika Black Shine Shampoo 180 ml (Free Vatika Black Shine Shampoo 90 ml),BUY 1 GET 1,,230.0,,,,
276,offers,Godrej Aer Power Pocket Bathroom Fragrance Sea Breeze 10 gm (Buy 3 Get 1 Free),BUY 1 GET 1,,210.0,,,,
277,offers,Kumarika Herbal Beauty Soap 100g  (Buy 3 Get 1),BUY 1 GET 1,,180.0,,,,
278,offers,Dabur Methi Amla Non-Sticky Hair Oil (Pack of 3),COMBO,,225.0,,,,
279,offers,Dabur Gold Beliphool Coconut Hair Oil (Pack of 3),COMBO,,225.0,,,,
280,offers,Dabur Herb'l Intense Fresh Gel Toothpaste (Pack of 3),COMBO,,225.0,,,,
281,offers,Parachute Just for Baby - Baby Oil 200ml (Baby Wash 100ml FREE),BUY 1 GET 1,,390.0,,,,
282,offers,Parachute SkinPure Aloe Vera Brightening Facewash (Oil Control) 100gm (Get 50gm Facewash FREE),BUY 1 GET 1,,190.0,,,,
283,offers,Parachute SkinPure Orange Brightening Facewash (Anti Pimple) 100gm (Get 50gm Facewash FREE),BUY 1 GET 1,,190.0,,,,
284,offers,Dabur Vatika Black Shine Shampoo 180 ml (Free Vatika Black Shine Shampoo 90 ml),BUY 1 GET 1,,230.0,,,,
285,offers,Parachute Just for Baby - Face Cream 100g Pack of 2 Combo (100ml x 2),COMBO,450.0,317.0,,,,
286,offers,Buy Parachute Hair Oil Advansed Aloe Vera Enriched Coconut 250Ml + Parachute Naturale Shampoo Nourishing Care 170Ml Get One Skinpure Aloe Vera Gel 50G Free,BUY 1 GET 1,475.0,399.0,,,,
287,offers,Buy One Livon Hair Serum 100Ml Get One Aloe Vera Facewash - Oil Control - 50Gm  Free,BUY 1 GET 1,475.0,430.0,,,,
288,offers,Buy One Parachute Naturale Shampoo Nourishing Care 340Ml Get One Goat Milk Facewash - Glow - 50Gm Free,BUY 1 GET 1,370.0,335.0,,,,
289,offers,Buy One Parachute Naturale Shampoo Nourishing Care 340Ml Get One Orange Facewash - Anti Pimple - 50Gm Free,BUY 1 GET 1,340.0,305.0,,,,
290,offers,Buy One Parachute Naturale Shampoo Anti Hair Fall 340Ml Get One Goat Milk Facewash - Glow - 50Gm Free,BUY 1 GET 1,370.0,335.0,,,,
291,offers,Buy One Parachute Skinpure Aloe Vera Gel 200Ml Get One Aloe Vera Facewash - Oil Control - 50Gm Free,BUY 1 GET 1,335.0,320.0,,,,
292,offers,Parachute Skinpure Aloe Vera Brightening Facewash (Oil Control) Double Pack (100Gm X 2),BUY 1 GET 1,380.0,218.0,,,,
293,offers,Buy One Parachute Skinpure Skin Lotion Natural White 300Ml Get One Goat Milk Facewash - Glow - 50Gm Free,BUY 1 GET 1,320.0,310.0,,,,
294,offers,Buy Parachute Hair Oil Advansed Aloe Vera Enriched Coconut 250Ml + Parachute Naturale Shampoo Nourishing Care 170Ml Get One Skinpure Aloe Vera Gel 50G Free,BUY 1 GET 1,475.0,399.0,,,,
295,offers,Buy One Livon Hair Serum 100Ml Get One Aloe Vera Facewash - Oil Control - 50Gm  Free,BUY 1 GET 1,475.0,430.0,,,,
296,offers,Buy One Parachute Naturale Shampoo Nourishing Care 340Ml Get One Goat Milk Facewash - Glow - 50Gm Free,BUY 1 GET 1,370.0,335.0,,,,
297,offers,Buy One Parachute Naturale Shampoo Anti Hair Fall 340Ml Get One Goat Milk Facewash - Glow - 50Gm Free,BUY 1 GET 1,370.0,335.0,,,,
298,offers,Buy One Parachute Skinpure Aloe Vera Gel 200Ml Get One Aloe Vera Facewash - Oil Control - 50Gm Free,BUY 1 GET 1,335.0,320.0,,,,
299,offers,Parachute Skinpure Aloe Vera Brightening Facewash (Oil Control) Double Pack (100Gm X 2),BUY 1 GET 1,380.0,218.0,,,,
300,offers,Buy One Parachute Skinpure Skin Lotion Natural White 300Ml Get One Goat Milk Facewash - Glow - 50Gm Free,BUY 1 GET 1,320.0,310.0,,,,
301,offers,Buy One Parachute Naturale Shampoo Nourishing Care 340Ml Get One Orange Facewash - Anti Pimple - 50Gm Free,BUY 1 GET 1,340.0,305.0,,,,
302,offers,Couple Combo (Shampoo) - Studio X Clean & Strong Shampoo for Men 175ml & Parachute Naturale Shampoo Anti Hair Fall 170ml,COMBO,450.0,304.0,,,,
303,offers,Studio X Men's Grooming Bundle Pack (Small) - Shampoo 175ml + Facewash 50ml + Soap 75g + Hair Gel 50ml,BUY 1 GET 1,520.0,492.0,,,,
304,offers,Parachute Hair Oil Advansed Beliphool 200ml & Glo-On Pink Glow Cream 50gm Combo,BUY 1 GET 1,330.0,300.0,,,,
305,offers,Fogg Scent Prince 30ml (2 pieces Combo),COMBO,520.0,421.0,,,,
306,offers,Fogg Scent Sultan 30ml (2 pieces Combo),COMBO,520.0,410.0,,,,
307,offers,Studio X Ultimate Hold Hair Gel,SALE,140.0,119.0,,100ml,,100.0
308,offers,Studio X Oil Clear Face wash for Men,SALE,130.0,104.0,,50ml,,50.0
309,offers,Parachute Skinpure Aloe Vera Brightening Facewash (Oil Control) Double Pack (100Gm X 2),BUY 1 GET 1,380.0,218.0,,,,
310,offers,Buy One Parachute Skinpure Skin Lotion Natural White 300Ml Get One Goat Milk Facewash - Glow - 50Gm Free,BUY 1 GET 1,320.0,310.0,,,,
311,offers,Parachute Just for Baby - Face Cream 100g Pack of 2 Combo (100ml x 2),COMBO,450.0,317.0,,,,
312,offers,Couple Combo (Shampoo) - Studio X Clean & Strong Shampoo for Men 175ml & Parachute Naturale Shampoo Anti Hair Fall 170ml,COMBO,450.0,304.0,,,,
313,offers,Parachute Hair Oil Advansed Beliphool 200ml & Glo-On Pink Glow Cream 50gm Combo,BUY 1 GET 1,330.0,300.0,,,,
314,offers,Studio X Men's Grooming Bundle Pack (Small) - Shampoo 175ml + Facewash 50ml + Soap 75g + Hair Gel 50ml,BUY 1 GET 1,520.0,492.0,,,,
315,offers,Fogg Scent Prince 30ml (2 pieces Combo),COMBO,520.0,421.0,,,,
316,offers,Fogg Scent Sultan 30ml (2 pieces Combo),COMBO,520.0,410.0,,,,
317,offers,Studio X Ultimate Hold Hair Gel,SALE,140.0,119.0,,100ml,,100.0
318,offers,Studio X Oil Clear Face wash for Men,SALE,130.0,104.0,,50ml,,50.0
319,offers,Groome's Good Deal 1 (Get Two packet of Groome Charcoal Nose strips 6 pcs & Save TK 80),COMBO,,270.0,,,,
320,offers,Groome's Good Deal 1 (Get Two packet of Groome Charcoal Nose strips 6 pcs & Save TK 80),COMBO,,270.0,,,,
321,offers,Buy 1 Studio X Clean & Strong Shampoo for Men 355ml Get 2 Studio X Soap 75gm Free,BUY 1 GET 1,,430.0,,,,
322,offers,Buy Himalaya Fresh Start Peach 100ml Get Himalaya Neem Soap 75gm Free,BUY 1 GET 1,,199.0,,,,
323,offers,Buy 1 Red King Men'S Cooling Oil 100Ml Get 12 Pcs Nourishing Care Shampoo Free,BUY 1 GET 1,,125.0,,,,
324,offers,Buy 1 Red King Men'S Cooling Oil 100Ml Get 12 Pcs Anti Hair Fall Shampoo Free,BUY 1 GET 1,,125.0,,,,
325,offers,Buy 1 Tresemmé Color Revitalise Shampoo 580.0 Ml & Get 1 Stylish Clutch Free,BUY 1 GET 1,,740.0,,580ml,,580.0
326,offers,Parachute Just for Baby - Baby Oil 200ml (Baby Wash 100ml FREE),BUY 1 GET 1,,390.0,,,,
327,offers,Parachute SkinPure Aloe Vera Brightening Facewash (Oil Control) 100gm (Get 50gm Facewash FREE),BUY 1 GET 1,,190.0,,,,
328,offers,Parachute SkinPure Orange Brightening Facewash (Anti Pimple) 100gm (Get 50gm Facewash FREE),BUY 1 GET 1,,190.0,,,,
329,offers,Godrej Aer Power Pocket Bathroom Fragrance Sea Breeze 10 gm (Buy 3 Get 1 Free),BUY 1 GET 1,,210.0,,,,
330,offers,Dabur Vatika Black Shine Shampoo 180 ml (Free Vatika Black Shine Shampoo 90 ml),BUY 1 GET 1,,230.0,,,,
331,offers,Buy 1 Studio X Clean & Strong Shampoo for Men 355ml Get 2 Studio X Soap 75gm Free,BUY 1 GET 1,,430.0,,,,
332,offers,Buy Himalaya Fresh Start Peach 100ml Get Himalaya Neem Soap 75gm Free,BUY 1 GET 1,,199.0,,,,
333,offers,Buy 1 Red King Men'S Cooling Oil 100Ml Get 12 Pcs Nourishing Care Shampoo Free,BUY 1 GET 1,,125.0,,,,
334,offers,Buy 1 Red King Men'S Cooling Oil 100Ml Get 12 Pcs Anti Hair Fall Shampoo Free,BUY 1 GET 1,,125.0,,,,
335,offers,Kumarika Herbal Beauty Soap 100g  (Buy 3 Get 1),BUY 1 GET 1,,180.0,,,,
336,offers,Dabur Methi Amla Non-Sticky Hair Oil (Pack of 3),COMBO,,225.0,,,,
337,offers,Dabur Gold Beliphool Coconut Hair Oil (Pack of 3),COMBO,,225.0,,,,
338,offers,Dabur Herb'l Intense Fresh Gel Toothpaste (Pack of 3),COMBO,,225.0,,,,
339,offers,Buy 1 Tresemmé Color Revitalise Shampoo 580.0 Ml & Get 1 Stylish Clutch Free,BUY 1 GET 1,,740.0,,580ml,,580.0
340,offers,Parachute Just for Baby - Face Cream 100g Pack of 2 Combo (100ml x 2),COMBO,450.0,317.0,,,,
341,offers,Buy Parachute Hair Oil Advansed Aloe Vera Enriched Coconut 250Ml + Parachute Naturale Shampoo Nourishing Care 170Ml Get One Skinpure Aloe Vera Gel 50G Free,BUY 1 GET 1,475.0,399.0,,,,
342,offers,Buy One Livon Hair Serum 100Ml Get One Aloe Vera Facewash - Oil Control - 50Gm  Free,BUY 1 GET 1,475.0,430.0,,,,
343,offers,Buy One Parachute Naturale Shampoo Nourishing Care 340Ml Get One Goat Milk Facewash - Glow - 50Gm Free,BUY 1 GET 1,370.0,335.0,,,,
344,offers,Buy One Parachute Naturale Shampoo Nourishing Care 340Ml Get One Orange Facewash - Anti Pimple - 50Gm Free,BUY 1 GET 1,340.0,305.0,,,,
345,offers,Buy One Parachute Naturale Shampoo Anti Hair Fall 340Ml Get One Goat Milk Facewash - Glow - 50Gm Free,BUY 1 GET 1,370.0,335.0,,,,
346,offers,Buy One Parachute Skinpure Aloe Vera Gel 200Ml Get One Aloe Vera Facewash - Oil Control - 50Gm Free,BUY 1 GET 1,335.0,320.0,,,,
347,offers,Parachute Skinpure Aloe Vera Brightening Facewash (Oil Control) Double Pack (100Gm X 2),BUY 1 GET 1,380.0,218.0,,,,
348,offers,Buy One Parachute Skinpure Skin Lotion Natural White 300Ml Get One Goat Milk Facewash - Glow - 50Gm Free,BUY 1 GET 1,320.0,310.0,,,,
349,offers,Buy Parachute Hair Oil Advansed Aloe Vera Enriched Coconut 250Ml + Parachute Naturale Shampoo Nourishing Care 170Ml Get One Skinpure Aloe Vera Gel 50G Free,BUY 1 GET 1,475.0,399.0,,,,
350,offers,Buy One Livon Hair Serum 100Ml Get One Aloe Vera Facewash - Oil Control - 50Gm  Free,BUY 1 GET 1,475.0,430.0,,,,
351,offers,Buy One Parachute Naturale Shampoo Nourishing Care 340Ml Get One Goat Milk Facewash - Glow - 50Gm Free,BUY 1 GET 1,370.0,335.0,,,,
352,offers,Buy One Parachute Naturale Shampoo Anti Hair Fall 340Ml Get One Goat Milk Facewash - Glow - 50Gm Free,BUY 1 GET 1,370.0,335.0,,,,
353,offers,Buy One Parachute Skinpure Aloe Vera Gel 200Ml Get One Aloe Vera Facewash - Oil Control - 50Gm Free,BUY 1 GET 1,335.0,320.0,,,,
354,offers,Parachute Skinpure Aloe Vera Brightening Facewash (Oil Control) Double Pack (100Gm X 2),BUY 1 GET 1,380.0,218.0,,,,
355,offers,Buy One Parachute Skinpure Skin Lotion Natural White 300Ml Get One Goat Milk Facewash - Glow - 50Gm Free,BUY 1 GET 1,320.0,310.0,,,,
356,offers,Buy One Parachute Naturale Shampoo Nourishing Care 340Ml Get One Orange Facewash - Anti Pimple - 50Gm Free,BUY 1 GET 1,340.0,305.0,,,,
357,offers,Couple Combo (Shampoo) - Studio X Clean & Strong Shampoo for Men 175ml & Parachute Naturale Shampoo Anti Hair Fall 170ml,COMBO,450.0,304.0,,,,
358,offers,Studio X Men's Grooming Bundle Pack (Small) - Shampoo 175ml + Facewash 50ml + Soap 75g + Hair Gel 50ml,BUY 1 GET 1,520.0,492.0,,,,
359,offers,Parachute Hair Oil Advansed Beliphool 200ml & Glo-On Pink Glow Cream 50gm Combo,BUY 1 GET 1,330.0,300.0,,,,
360,offers,Fogg Scent Prince 30ml (2 pieces Combo),COMBO,520.0,421.0,,,,
361,offers,Fogg Scent Sultan 30ml (2 pieces Combo),COMBO,520.0,410.0,,,,
362,offers,Studio X Ultimate Hold Hair Gel,SALE,140.0,119.0,,100ml,,100.0
363,offers,Studio X Oil Clear Face wash for Men,SALE,130.0,104.0,,50ml,,50.0
364,offers,Parachute Skinpure Aloe Vera Brightening Facewash (Oil Control) Double Pack (100Gm X 2),BUY 1 GET 1,380.0,218.0,,,,
365,offers,Buy One Parachute Skinpure Skin Lotion Natural White 300Ml Get One Goat Milk Facewash - Glow - 50Gm Free,BUY 1 GET 1,320.0,310.0,,,,
366,offers,Parachute Just for Baby - Face Cream 100g Pack of 2 Combo (100ml x 2),COMBO,450.0,317.0,,,,
367,offers,Couple Combo (Shampoo) - Studio X Clean & Strong Shampoo for Men 175ml & Parachute Naturale Shampoo Anti Hair Fall 170ml,COMBO,450.0,304.0,,,,
368,offers,Parachute Hair Oil Advansed Beliphool 200ml & Glo-On Pink Glow Cream 50gm Combo,BUY 1 GET 1,330.0,300.0,,,,
369,offers,Studio X Men's Grooming Bundle Pack (Small) - Shampoo 175ml + Facewash 50ml + Soap 75g + Hair Gel 50ml,BUY 1 GET 1,520.0,492.0,,,,
370,offers,Fogg Scent Prince 30ml (2 pieces Combo),COMBO,520.0,421.0,,,,
371,offers,Fogg Scent Sultan 30ml (2 pieces Combo),COMBO,520.0,410.0,,,,
372,offers,Studio X Ultimate Hold Hair Gel,SALE,140.0,119.0,,100ml,,100.0
373,offers,Studio X Oil Clear Face wash for Men,SALE,130.0,104.0,,50ml,,50.0
374,offers,Groome's Good Deal 1 (Get Two packet of Groome Charcoal Nose strips 6 pcs & Save TK 80),COMBO,,270.0,,,,
375,offers,Buy Parachute Hair Oil Advansed Aloe Vera Enriched Coconut 250Ml + Parachute Naturale Shampoo Nourishing Care 170Ml Get One Skinpure Aloe Vera Gel 50G Free,BUY 1 GET 1,475.0,399.0,,,,
376,offers,Buy One Livon Hair Serum 100Ml Get One Aloe Vera Facewash - Oil Control - 50Gm  Free,BUY 1 GET 1,475.0,430.0,,,,
377,offers,Buy One Parachute Naturale Shampoo Nourishing Care 340Ml Get One Goat Milk Facewash - Glow - 50Gm Free,BUY 1 GET 1,370.0,335.0,,,,
378,offers,Buy One Parachute Naturale Shampoo Nourishing Care 340Ml Get One Orange Facewash - Anti Pimple - 50Gm Free,BUY 1 GET 1,340.0,305.0,,,,
379,offers,Buy One Parachute Naturale Shampoo Anti Hair Fall 340Ml Get One Goat Milk Facewash - Glow - 50Gm Free,BUY 1 GET 1,370.0,335.0,,,,
380,offers,Buy One Parachute Skinpure Aloe Vera Gel 200Ml Get One Aloe Vera Facewash - Oil Control - 50Gm Free,BUY 1 GET 1,335.0,320.0,,,,
381,offers,Parachute Skinpure Aloe Vera Brightening Facewash (Oil Control) Double Pack (100Gm X 2),BUY 1 GET 1,380.0,218.0,,,,
382,offers,Buy One Parachute Skinpure Skin Lotion Natural White 300Ml Get One Goat Milk Facewash - Glow - 50Gm Free,BUY 1 GET 1,320.0,310.0,,,,
383,offers,Parachute Skinpure Aloe Vera Brightening Facewash (Oil Control) Double Pack (100Gm X 2),BUY 1 GET 1,380.0,218.0,,,,
384,offers,Buy One Parachute Skinpure Skin Lotion Natural White 300Ml Get One Goat Milk Facewash - Glow - 50Gm Free,BUY 1 GET 1,320.0,310.0,,,,
385,offers,Parachute Skinpure Aloe Vera Brightening Facewash (Oil Control) Double Pack (100Gm X 2),BUY 1 GET 1,380.0,218.0,,,,
386,offers,Buy One Parachute Skinpure Skin Lotion Natural White 300Ml Get One Goat Milk Facewash - Glow - 50Gm Free,BUY 1 GET 1,320.0,310.0,,,,
387,offers,Parachute Skinpure Aloe Vera Brightening Facewash (Oil Control) Double Pack (100Gm X 2),BUY 1 GET 1,380.0,218.0,,,,
388,offers,Buy One Parachute Skinpure Skin Lotion Natural White 300Ml Get One Goat Milk Facewash - Glow - 50Gm Free,BUY 1 GET 1,320.0,310.0,,,,
