ID,category,product_title,product_ribbon,product_prev_price,product_curr_price,product_app_price,product_weight,weight_gm,weight_ml
0,tools-&-brushes,Groome Make Up Brush set ( Bamboo),FREE DELIVERY,480.0,418.0,397.0,150gm,150.0,
1,tools-&-brushes,Groome makeup cleansing sponge- Pink,SALE,150.0,131.0,127.0,,,
2,tools-&-brushes,Groome Beauty Blender Sponge (Yellow),SALE,180.0,157.0,149.0,,,
3,tools-&-brushes,Focallure Latex Free Sponge Beauty Blender Microfiber Velvet (Fa136) 1 Piece,SALE,300.0,270.0,262.0,10gm,10.0,
4,tools-&-brushes,Focallure Latex Free Sponge Beauty Blender Waterdrop (Fa136),SALE,300.0,180.0,175.0,,,
5,tools-&-brushes,Alix Avien Eyebrow Brush,SALE,1000.0,750.0,,,,
6,tools-&-brushes,Ilana Makeup spatula,SALE,600.0,450.0,,,,
7,tools-&-brushes,Groome Professional Rose Gold 10Pcs Makeup Brush Set with Bag,FREE DELIVERY,1050.0,935.0,907.0,,,
8,tools-&-brushes,Groome makeup cleansing sponge- Snow White,SALE,150.0,131.0,124.0,,,
9,tools-&-brushes,Alix Avien Blusher Brush,SALE,1350.0,1015.0,,,,
10,tools-&-brushes,Focallure Professional Fluffy White Double Head Makeup Brush (Single),SALE,200.0,170.0,162.0,,,
11,tools-&-brushes,Ilana Tweezer,SALE,150.0,113.0,,,,
12,tools-&-brushes,Focallure Latex Free Sponge Beauty Blender One Cut Olive (Fa136),SALE,300.0,180.0,171.0,,,
13,tools-&-brushes,Focallure Latex Free Sponge Beauty Blender One Cut Heart Shape (Fa136),SALE,300.0,265.0,257.0,10gm,10.0,
14,tools-&-brushes,Groome makeup cleansing sponge-Brown,SALE,150.0,131.0,124.0,,,
15,tools-&-brushes,Groome Makeup Blender Sponge - Pink,SALE,180.0,157.0,152.0,,,
16,tools-&-brushes,Alix Avien Blending Brush,SALE,1200.0,900.0,,,,
17,tools-&-brushes,Alix Avien Concealer Brush,SALE,1200.0,900.0,,,,
18,tools-&-brushes,Alix Avien Eyeshadow Brush,SALE,1200.0,900.0,,,,
19,tools-&-brushes,Alix Avien Contour Brush,SALE,1350.0,1015.0,,,,
20,tools-&-brushes,Lady Butterfly face mask applying bamboo brush - white bristle,nan,,80.0,78.0,,,
21,tools-&-brushes,Guerniss Professional Makeup Brush GS 10,nan,,450.0,437.0,,,
22,tools-&-brushes,Guerniss Professional Makeup Brush GS 12,nan,,390.0,378.0,,,
23,tools-&-brushes,Guerniss Professional Makeup Brush GS 15,nan,,380.0,369.0,,,
24,tools-&-brushes,Guerniss Professional Makeup Brush GS 17,nan,,350.0,340.0,,,
25,tools-&-brushes,Lady butterfly 2 in 1 super plain mirror with colorful glittery print - Square Shaped Random Color,nan,,250.0,243.0,100gm,100.0,
26,tools-&-brushes,Parlour Bevel End Tweezer,nan,,115.0,112.0,,,
27,tools-&-brushes,Parlour Sharp End Tweezer,nan,,115.0,112.0,,,
28,tools-&-brushes,Parlour Make Up Sponge White,nan,,120.0,116.0,,,
29,tools-&-brushes,Parlour Tear Drop Beauty Blender Dark Pink,nan,,135.0,131.0,23gm,23.0,
30,tools-&-brushes,Parlour Flat End Beauty Blender Dark Pink,nan,,135.0,131.0,23gm,23.0,
31,tools-&-brushes,Parlour Make Up Sponge,nan,,120.0,114.0,10gm,10.0,
32,tools-&-brushes,Astra Powder Brush,nan,,1200.0,1164.0,,,
33,tools-&-brushes,Astra Eyelid Brush,nan,,600.0,582.0,,,
34,tools-&-brushes,Topface Blending Brush - F08,nan,,490.0,466.0,,,
35,tools-&-brushes,Parlour Mini Makeup Mirror-Round-Pink,nan,,230.0,223.0,,,
36,tools-&-brushes,Parlour Mini Makeup Mirror-Round-Blue,nan,,230.0,223.0,,,
37,tools-&-brushes,Parlour Mini Makeup Mirror-Heart-White,nan,,230.0,223.0,,,
38,tools-&-brushes,Parlour Mini Makeup Mirror-Rectangular-Pink,nan,,230.0,223.0,,,
39,tools-&-brushes,Parlour Mini Makeup Mirror-Rectangular-Blue,nan,,230.0,223.0,,,
40,tools-&-brushes,Laikou Silicon Facial Mask Brush Pink,nan,,90.0,87.0,10gm,10.0,
41,tools-&-brushes,Parlour Mushroom Beauty Blender Beige,nan,,150.0,146.0,,,
42,tools-&-brushes,Lady Butterfly Mini Silicon Applicator,nan,,99.0,96.0,5gm,5.0,
43,tools-&-brushes,Ireneda Flawless Face Makeup Sponge - PP03 Modena (IR-T02) 1 piece,nan,,220.0,209.0,,,
44,tools-&-brushes,Ireneda Flawless Face Makeup Sponge - PP01 Levender (IR-T02) 1 piece,nan,,220.0,213.0,,,
45,tools-&-brushes,PINKFLASH Flame Shape Blush Brush (PF-T04) 1 Piece,nan,,440.0,427.0,,,
46,tools-&-brushes,PINKFLASH Setting Powder Brush (PF-T04) 1 Piece,nan,,440.0,427.0,,,
47,tools-&-brushes,Finorio Plush Powder Makeup Brush - Random Color,nan,,250.0,243.0,,,
48,tools-&-brushes,Parlour Makeup Brush Set,nan,,450.0,437.0,,,
49,tools-&-brushes,Parlour Flat End Beauty Blender Beige,nan,,135.0,131.0,,,
50,tools-&-brushes,Parlour Mini Makeup Mirror-Oval-Pink,nan,,230.0,223.0,,,
51,tools-&-brushes,Parlour Mini Makeup Mirror-Heart-Pink,nan,,230.0,223.0,,,
52,tools-&-brushes,Parlour Mini Makeup Mirror-Heart-Blue,nan,,230.0,223.0,,,
53,tools-&-brushes,Ireneda Flawless Face Makeup Sponge - PP02 Lilac (IR-T02) 1 piece,nan,,220.0,213.0,,,
54,tools-&-brushes,PINKFLASH Duo Eyeshadow Brush 1 Piece (PF-T04),nan,,200.0,194.0,,,
55,tools-&-brushes,PINKFLASH Makeup Sponge Set (PF-T01),nan,,350.0,340.0,,,
56,tools-&-brushes,PINKFLASH Oh My Puff Beauty Sponge (PF-T01) 1 Piece,nan,,200.0,194.0,,,
57,tools-&-brushes,Parlour Mushroom Beauty Blender Magenta,nan,,150.0,146.0,23gm,23.0,
58,tools-&-brushes,Parlour Flat End Beauty Blender Baby Pink,nan,,135.0,128.0,23gm,23.0,
59,tools-&-brushes,Finorio Beauty Planet Highlighter Fan Brush - Random Color,nan,,120.0,116.0,,,
60,tools-&-brushes,Lady butterfly 2 in 1 super plain mirror with colorful glittery print - Heart Shaped Random Color,nan,,250.0,243.0,69gm,69.0,
61,tools-&-brushes,Finorio Multifunctional Applicator for Face - Random Color,nan,,185.0,179.0,,,
62,tools-&-brushes,Finorio Silicon Mask Applicator - Random Color,nan,,150.0,146.0,,,
63,tools-&-brushes,Parlour Mini Makeup Mirror-Round-Pink,nan,,230.0,223.0,,,
64,tools-&-brushes,Parlour Mini Makeup Mirror-Round-Blue,nan,,230.0,223.0,,,
65,tools-&-brushes,Parlour Mini Makeup Mirror-Heart-White,nan,,230.0,223.0,,,
66,tools-&-brushes,Parlour Mini Makeup Mirror-Rectangular-Pink,nan,,230.0,223.0,,,
67,tools-&-brushes,Parlour Mini Makeup Mirror-Rectangular-Blue,nan,,230.0,223.0,,,
68,tools-&-brushes,Parlour Pear Shaped Beauty Blender Beige,nan,,135.0,131.0,,,
69,tools-&-brushes,Parlour Mini Makeup Mirror-Round-White,nan,,230.0,219.0,,,
70,tools-&-brushes,Parlour Mini Makeup Mirror-Rectangular-White,nan,,230.0,223.0,,,
71,tools-&-brushes,Nirvana Pro Makeup Blending Sponge,nan,,220.0,213.0,,,
72,tools-&-brushes,PINKFLASH Round Shaped Makeup Puff (PF-T11) 1 Piece,nan,,150.0,143.0,,,
73,tools-&-brushes,PINKFLASH Tear-Drop Makeup Puff (PF-T11) 1 Piece,nan,,150.0,146.0,,,
74,tools-&-brushes,Oyumea Perfect Eyebrow Razor 2pcs,nan,,200.0,194.0,,,
75,tools-&-brushes,Parlour Flat End Tweezer,nan,,115.0,112.0,,,
76,tools-&-brushes,Lavino Charcoal Mask Infused With Tea Tree Oil 50.0 gm And Finorio Silicon Applicator Combo Offer,COMBO,,335.0,,,,
77,tools-&-brushes,Lavino Thanaka Mask With Vitamin - E 50.0 gm And Finorio Silicon Mask Applicator Combo Offer,COMBO,,335.0,,,,
78,tools-&-brushes,Parlour Makeup Puff,nan,,75.0,73.0,3gm,3.0,
79,tools-&-brushes,Lady Butterfly Face Mask Applying Transparent  Brush - Gold Bristle,nan,,80.0,78.0,,,
80,tools-&-brushes,Nicka K Non-latex Airbrush 3 Combo,COMBO,,550.0,,,,
81,tools-&-brushes,Makeup Brush Cleaner ( Mint Fresh ),nan,,250.0,243.0,,,
82,tools-&-brushes,Makeup Brush Cleaner ( Honey Hive ),nan,,250.0,243.0,,,
83,tools-&-brushes,wet n wild Small Eyeshadow Brush,nan,,180.0,175.0,10gm,10.0,
84,tools-&-brushes,Topface Foundation Brush - F03,nan,,765.0,742.0,,,
85,tools-&-brushes,Topface 4 in 1 Special Brush set,nan,,1150.0,1116.0,,,
86,tools-&-brushes,Topface Tapered Powder Brush F04,nan,,785.0,761.0,,,
87,tools-&-brushes,Lois Chloe Signature Brush Set,nan,,5000.0,4850.0,,,
88,tools-&-brushes,Parlour Mini Makeup Mirror-Oval-White,nan,,230.0,223.0,,,
89,tools-&-brushes,Parlour Mini Makeup Mirror-Oval-Blue,nan,,230.0,223.0,,,
90,tools-&-brushes,Astra Precision Foundation Sponges,nan,,990.0,960.0,,,
91,tools-&-brushes,Guerniss Professional Makeup Brush GS 14,nan,,420.0,407.0,,,
92,tools-&-brushes,Guerniss Professional Makeup Brush GS 09,nan,,490.0,475.0,,,
93,tools-&-brushes,Astra Eye Brush,nan,,600.0,582.0,,,
94,tools-&-brushes,Astra Eye Point Brush,nan,,600.0,582.0,,,
95,tools-&-brushes,Guerniss Professional Makeup Brush GS 02,nan,,780.0,757.0,,,
96,tools-&-brushes,Guerniss Professional Makeup Brush GS 06,nan,,620.0,601.0,,,
97,tools-&-brushes,Guerniss Professional Makeup Brush GS 07,nan,,620.0,601.0,,,
98,tools-&-brushes,Topface Flat Foundation Brush_F07,nan,,640.0,621.0,,,
99,tools-&-brushes,TopFace Blush Brush - F02,nan,,670.0,650.0,,,
100,tools-&-brushes,Nicka K Airbrush 2 Combo,COMBO,,500.0,,,,
101,tools-&-brushes,Topface Eye Shadow Brush_F11,nan,,465.0,451.0,,,
102,tools-&-brushes,TopFace Powder Brush - F01,nan,,860.0,834.0,,,
103,tools-&-brushes,Astra Lip Brush,nan,,600.0,582.0,,,
104,tools-&-brushes,Guerniss Professional Makeup Brush GS - 13,nan,,450.0,437.0,,,
105,tools-&-brushes,Parlour Mini Makeup Mirror-Oval-Blue,nan,,230.0,223.0,,,
106,tools-&-brushes,Fish Tail Design Mini Eyelash Curler(Aqua Blue),SOLD OUT,320.0,285.0,276.0,,,
107,tools-&-brushes,Focallure Eyelash Curler (Fa199),SOLD OUT,250.0,235.0,228.0,,,
108,tools-&-brushes,Keli Eye Brow Razor Mini Type 5Pcs,SOLD OUT,250.0,225.0,218.0,,,
109,tools-&-brushes,Parlour Scissors Pink,SOLD OUT,,65.0,63.0,,,
110,tools-&-brushes,Oyumea Beauty Blender - Pink,SOLD OUT,,175.0,170.0,,,
111,tools-&-brushes,PINKFLASH Angled Contour Brush (PF-T04),SOLD OUT,,400.0,388.0,,,
112,tools-&-brushes,Parlour Portable Led Makeup Mirror,SOLD OUT,,700.0,679.0,100gm,100.0,
113,tools-&-brushes,Astra Face Powder Brush,SOLD OUT,,600.0,582.0,,,
114,tools-&-brushes,Guerniss Professional Makeup Brush GS 04,SOLD OUT,,750.0,728.0,,,
115,tools-&-brushes,Bronx Colors Deluxe Brush Liner Brush - BR05,SOLD OUT,,349.0,,,,
116,tools-&-brushes,Ireneda Curly Plus Eyelash Curler (IR-T03) 1 piece,SOLD OUT,,300.0,291.0,,,
117,tools-&-brushes,Guerniss Eyelash Adhesive,SOLD OUT,,350.0,340.0,,,
118,tools-&-brushes,Parlour Mushroom Beauty Blender Pink,SOLD OUT,,150.0,146.0,,,
119,tools-&-brushes,Parlour Mushroom Beauty Blender Coffee,SOLD OUT,,150.0,146.0,,,
120,tools-&-brushes,Astra Foundation Sponge,SOLD OUT,,450.0,437.0,,,
121,tools-&-brushes,Farmasi Cellulose Facial Sponge,SOLD OUT,,300.0,291.0,5gm,5.0,
122,tools-&-brushes,Groome Silicone Mask Applicator Brush (White),SOLD OUT,,120.0,116.0,,,
123,tools-&-brushes,Guerniss Professional Makeup Brush GS 16,SOLD OUT,,350.0,340.0,,,
124,tools-&-brushes,Guerniss Professional Makeup Brush Gs 05,SOLD OUT,,680.0,660.0,,,
125,tools-&-brushes,Astra Expert Brush For Liquid Creamy Foundation,SOLD OUT,,950.0,922.0,,,
126,tools-&-brushes,Guerniss Eyelash Adhesive,SOLD OUT,,350.0,340.0,,,
127,tools-&-brushes,Parlour Mushroom Beauty Blender Pink,SOLD OUT,,150.0,146.0,,,
128,tools-&-brushes,Parlour Mushroom Beauty Blender Coffee,SOLD OUT,,150.0,146.0,,,
129,tools-&-brushes,Farmasi Cellulose Facial Sponge,SOLD OUT,,300.0,291.0,5gm,5.0,
130,tools-&-brushes,Astra Foundation Sponge,SOLD OUT,,450.0,437.0,,,
131,tools-&-brushes,Groome Silicone Mask Applicator Brush (White),SOLD OUT,,120.0,116.0,,,
132,tools-&-brushes,EcoTools Four Piece Touch-Up Set,SOLD OUT,,950.0,922.0,10gm,10.0,
133,tools-&-brushes,Real Techniques Miracle Complexion Sponge,SOLD OUT,,1150.0,1116.0,,,
134,tools-&-brushes,Real Techniques Complexion Blender Brush,SOLD OUT,,1350.0,1310.0,,,
135,tools-&-brushes,Parlour Tear Drop Beauty Blender Magenta,SOLD OUT,,135.0,131.0,23gm,23.0,
136,tools-&-brushes,Parlour Pear Shaped Beauty Blender Magenta,SOLD OUT,,135.0,131.0,23gm,23.0,
137,tools-&-brushes,Parlour Pear Shaped Beauty Blender Dark Pink,SOLD OUT,,135.0,131.0,23gm,23.0,
138,tools-&-brushes,Astra Powder Puff,SOLD OUT,,750.0,728.0,,,
139,tools-&-brushes,CS Beauty Jade Roller,SOLD OUT,,650.0,631.0,,,
140,tools-&-brushes,Parlour Tear Drop Beauty Blender Sky Blue,SOLD OUT,,135.0,131.0,,,
141,tools-&-brushes,Parlour Tear Drop Beauty Blender Coffee,SOLD OUT,,135.0,131.0,,,
142,tools-&-brushes,Parlour Flat End Beauty Blender Coffee,SOLD OUT,,135.0,131.0,,,
143,tools-&-brushes,Oyumea Beauty Blender - Blue,SOLD OUT,,175.0,170.0,,,
144,tools-&-brushes,Eid Mega Offer 7 Buy One Get One (Gillette Simply Venus 2 Disposable 4 Razor For Women + Oyumea Perfect Eyebrow Razor),SOLD OUT,,399.0,,,,
145,tools-&-brushes,Nicka K Professional FX Eyelash Curler 63,SOLD OUT,,500.0,485.0,,,
146,tools-&-brushes,Farmasi Beauty tools Powder Puff Standard,SOLD OUT,,200.0,194.0,,,
147,tools-&-brushes,Parlour Pear Shaped Beauty Blender Baby Pink,SOLD OUT,,135.0,131.0,23gm,23.0,
148,tools-&-brushes,Parlour Mushroom Beauty Blender Chocolate,SOLD OUT,,150.0,146.0,23gm,23.0,
149,tools-&-brushes,Astra Professional Brush Kabuki,SOLD OUT,,600.0,582.0,,,
150,tools-&-brushes,Astra Eyebrow Brush,SOLD OUT,,600.0,582.0,,,
151,tools-&-brushes,Parlour Flat End Beauty Blender Sky Blue,SOLD OUT,,135.0,131.0,,,
152,tools-&-brushes,Parlour Pear Shaped Beauty Blender Sky Blue,SOLD OUT,,135.0,131.0,,,
153,tools-&-brushes,Parlour Mushroom Beauty Blender Black,SOLD OUT,,150.0,146.0,,,
154,tools-&-brushes,Technic Mini Beauty Sponges,SOLD OUT,,220.0,213.0,,,
155,tools-&-brushes,Make Up Revolation Ultra Sculpt & Blend Collection Set,SOLD OUT,,1500.0,1455.0,,,
156,tools-&-brushes,MŌDA® Prismatic Face Perfecting Kit,SOLD OUT,,1850.0,1795.0,,,
157,tools-&-brushes,NICKA K PENCIL SHARPENER,SOLD OUT,,180.0,175.0,,,
158,tools-&-brushes,EcoTools Essential Eyeset 1227,SOLD OUT,,1100.0,1067.0,,,
159,tools-&-brushes,Real Techniques Core Collection 2 In 1 Case,SOLD OUT,,2000.0,1940.0,,,
160,tools-&-brushes,wet n wild Kabuki Brush,SOLD OUT,,600.0,582.0,,,
161,tools-&-brushes,wet n wild Angled Liner Brush,SOLD OUT,,300.0,291.0,,,
162,tools-&-brushes,Real Techniques Base Flawless Base Set,SOLD OUT,,1950.0,1892.0,,,
163,tools-&-brushes,Real Techniques Base Miracle Face + Body Sponge,SOLD OUT,,950.0,922.0,,,
164,tools-&-brushes,Real Techniques Base Expert Face Brush,SOLD OUT,,900.0,873.0,,,
165,tools-&-brushes,Real Techniques Eye Shade+Blend,SOLD OUT,,950.0,922.0,,,
166,tools-&-brushes,EcoTools Four Piece Touch-Up Set,SOLD OUT,,950.0,922.0,10gm,10.0,
167,tools-&-brushes,Real Techniques Miracle Complexion Sponge,SOLD OUT,,1150.0,1116.0,,,
168,tools-&-brushes,wet n wild Contour Brush,SOLD OUT,,490.0,475.0,,,
169,tools-&-brushes,Groome Face Makeup Brush,SOLD OUT,,250.0,243.0,,,
170,tools-&-brushes,Parlour Makeup Brush Set 11 Pieces,SOLD OUT,,1075.0,1043.0,,,
171,tools-&-brushes,Parlour Flat End Beauty Blender Sky Blue,SOLD OUT,,135.0,131.0,,,
172,tools-&-brushes,Parlour Pear Shaped Beauty Blender Sky Blue,SOLD OUT,,135.0,131.0,,,
173,tools-&-brushes,Parlour Mushroom Beauty Blender Black,SOLD OUT,,150.0,146.0,,,
174,tools-&-brushes,Real Techniques Everyday Essentials Set,SOLD OUT,,2750.0,2668.0,,,
175,tools-&-brushes,Real Techniques Custom Complexion Foundation 3-in-1 Makeup Brush,SOLD OUT,,1850.0,1795.0,,,
176,tools-&-brushes,LMLTOP Eye brow Razor (3pcs),SOLD OUT,,250.0,243.0,,,
177,tools-&-brushes,Parlour Pear Shaped Beauty Blender Baby Pink,SOLD OUT,,135.0,131.0,23gm,23.0,
178,tools-&-brushes,Parlour Mushroom Beauty Blender Chocolate,SOLD OUT,,150.0,146.0,23gm,23.0,
179,tools-&-brushes,Astra Professional Brush Kabuki,SOLD OUT,,600.0,582.0,,,
180,tools-&-brushes,Astra Eyebrow Brush,SOLD OUT,,600.0,582.0,,,
181,tools-&-brushes,Coastal Scents Classic Shadow Brush Medium Natural,SOLD OUT,,500.0,485.0,,,
182,tools-&-brushes,Groome makeup cleansing sponge- White with brown,SOLD OUT,,150.0,146.0,,,
183,tools-&-brushes,Groome Base Make Up Brush Set,SOLD OUT,,500.0,485.0,,,
184,tools-&-brushes,Alix Avien Powder Brush,SOLD OUT,,1750.0,,,,
185,tools-&-brushes,The Accessory Makeup Head Band,SOLD OUT,,375.0,364.0,,,
186,tools-&-brushes,Absolute New York 4 in 1 Eye Detailing + Lip Brush,SOLD OUT,,850.0,825.0,,,
187,tools-&-brushes,Absolute New York Tapered Highlighter Brush,SOLD OUT,,549.0,533.0,,,
188,tools-&-brushes,Bronx Colors Magnetic Urban Brushes Brush Set - UBRSET02,SOLD OUT,,2999.0,,,,
189,tools-&-brushes,NICKA K PENCIL SHARPENER,SOLD OUT,,180.0,175.0,,,
190,tools-&-brushes,Make Up Revolation Ultra Sculpt & Blend Collection Set,SOLD OUT,,1500.0,1455.0,,,
191,tools-&-brushes,Technic Mini Beauty Sponges,SOLD OUT,,220.0,213.0,,,
192,tools-&-brushes,Keli Travel Container 06 pcs(Pink),SOLD OUT,,380.0,369.0,,,
193,tools-&-brushes,Keli Travel Container 10 pcs,SOLD OUT,,650.0,631.0,,,
194,tools-&-brushes,Real Techniques Base Flawless Base Set,SOLD OUT,,1950.0,1892.0,,,
195,tools-&-brushes,Real Techniques Base Miracle Face + Body Sponge,SOLD OUT,,950.0,922.0,,,
196,tools-&-brushes,Real Techniques Base Expert Face Brush,SOLD OUT,,900.0,873.0,,,
197,tools-&-brushes,Real Techniques Eye Shade+Blend,SOLD OUT,,950.0,922.0,,,
198,tools-&-brushes,EcoTools Essential Eyeset 1227,SOLD OUT,,1100.0,1067.0,,,
199,tools-&-brushes,Real Techniques Core Collection 2 In 1 Case,SOLD OUT,,2000.0,1940.0,,,
200,tools-&-brushes,wet n wild Kabuki Brush,SOLD OUT,,600.0,582.0,,,
201,tools-&-brushes,wet n wild Angled Liner Brush,SOLD OUT,,300.0,291.0,,,
202,tools-&-brushes,Groome Eyebrow Brush Set,SOLD OUT,,350.0,340.0,,,
203,tools-&-brushes,Groome 5pcs Full Eye Makeup Brush Set,SOLD OUT,,500.0,485.0,,,
204,tools-&-brushes,Oyumea Beauty Blender - Purple,SOLD OUT,,175.0,170.0,,,
205,tools-&-brushes,Oyumea Beauty Blender - Green,SOLD OUT,,175.0,170.0,,,
206,tools-&-brushes,Parlour Pear Shaped Beauty Blender Coffee,SOLD OUT,,135.0,131.0,,,
207,tools-&-brushes,Real Techniques Miracle Complexion Sponge,SOLD OUT,,1850.0,1795.0,,,
208,tools-&-brushes,Guerniss Professional Makeup Brush GS 01,SOLD OUT,,780.0,757.0,,,
209,tools-&-brushes,Parlour Flat End Beauty Blender Magenta,SOLD OUT,,135.0,131.0,23gm,23.0,
210,tools-&-brushes,Keli Eye Brow Razor 3Pcs,SOLD OUT,,225.0,214.0,,,
211,tools-&-brushes,Groome's Good Deal 4 ( Groome Beauty Blender bundle),SOLD OUT,,270.0,,,,
212,tools-&-brushes,Oyumea Perfect Eyebrow Razor 3pcs,SOLD OUT,,230.0,223.0,,,
213,tools-&-brushes,Oyumea Perfect Eyebrow Razor 1pcs ( Extra 1 Blade ),SOLD OUT,,180.0,175.0,,,
214,tools-&-brushes,Absolute New York Angled Blush Brush,SOLD OUT,,799.0,775.0,,,
215,tools-&-brushes,Absolute New York All Over Shader Brush,SOLD OUT,,450.0,437.0,,,
216,tools-&-brushes,Absolute New York Tapered Shader Brush,SOLD OUT,,495.0,480.0,,,
217,tools-&-brushes,Absolute New York Duel End Brush,SOLD OUT,,450.0,437.0,,,
218,tools-&-brushes,Absolute New York Blending Crease Brush,SOLD OUT,,495.0,480.0,,,
219,tools-&-brushes,Keli Travel Container 06 pcs(Blue),SOLD OUT,,380.0,369.0,,,
220,tools-&-brushes,Groome Facial Mixing Bowl Pink,SOLD OUT,,280.0,272.0,,,
221,tools-&-brushes,Makeup Brush Cleaner ( Bubble Gum),SOLD OUT,,250.0,243.0,,,
222,tools-&-brushes,Groome makeup cleansing sponge-White with Black,SOLD OUT,,150.0,146.0,,,
223,tools-&-brushes,Groome makeup cleansing sponge- Pink with White,SOLD OUT,,150.0,146.0,,,
224,tools-&-brushes,Bronx Colors Deluxe Brush Concealer Brush - BR03,SOLD OUT,,349.0,,,,
225,tools-&-brushes,Bronx Colors Deluxe Brush Eyeshadow Brush - BR02,SOLD OUT,,399.0,,,,
226,tools-&-brushes,Bronx Colors Deluxe Brush Contour Powder Brush - BR01,SOLD OUT,,499.0,,,,
227,tools-&-brushes,REAL TECHNIQUES FACE+CHEEK DUAL-ENDED EXPERT SPONGE,SOLD OUT,,950.0,922.0,,,
228,tools-&-brushes,REAL TECHNIQUES MINI EXPERT FACE BRUSH,SOLD OUT,,700.0,679.0,,,
229,tools-&-brushes,REAL TECHNIQUES POWDER BRUSH,SOLD OUT,,900.0,873.0,,,
230,tools-&-brushes,Real Techniques Eye Smudge+Diffuse,SOLD OUT,,950.0,922.0,,,
231,tools-&-brushes,REAL TECHNIQUES PERFECT CREASE DUO,SOLD OUT,,950.0,922.0,,,
232,tools-&-brushes,REAL TECHNIQUES EXPERT CONCEALER BRUSH,SOLD OUT,,750.0,728.0,,,
233,tools-&-brushes,MŌDA® Mythical 5pc Perfecting Pixie Kit,SOLD OUT,,1850.0,1795.0,,,
234,tools-&-brushes,Basicare NR Foudation Diamond Sponge,SOLD OUT,,100.0,97.0,,,
235,tools-&-brushes,BH Cosmetics Dual Fiber 9 Piece Brush Set With Brush Roll,SOLD OUT,,3150.0,3056.0,,,
236,tools-&-brushes,BH Cosmetics Face Essential 5 Piece Brush Set,SOLD OUT,,1800.0,1746.0,,,
237,tools-&-brushes,Jessup T101-7Pcs Set,SOLD OUT,,1300.0,1261.0,,,
238,tools-&-brushes,Real Techniques Starter Set 2.0,SOLD OUT,,1900.0,1843.0,,,
239,tools-&-brushes,Parlour Mini Makeup Mirror-Round-Pink,nan,,230.0,223.0,,,
240,tools-&-brushes,Parlour Mini Makeup Mirror-Round-Blue,nan,,230.0,223.0,,,
241,tools-&-brushes,Parlour Mini Makeup Mirror-Heart-White,nan,,230.0,223.0,,,
242,tools-&-brushes,Parlour Mini Makeup Mirror-Rectangular-Pink,nan,,230.0,223.0,,,
243,tools-&-brushes,Parlour Mini Makeup Mirror-Rectangular-Blue,nan,,230.0,223.0,,,
244,tools-&-brushes,Parlour Mini Makeup Mirror-Round-Pink,nan,,230.0,223.0,,,
245,tools-&-brushes,Parlour Mini Makeup Mirror-Round-Blue,nan,,230.0,223.0,,,
246,tools-&-brushes,Parlour Mini Makeup Mirror-Heart-White,nan,,230.0,223.0,,,
247,tools-&-brushes,Parlour Mini Makeup Mirror-Rectangular-Pink,nan,,230.0,223.0,,,
248,tools-&-brushes,Parlour Mini Makeup Mirror-Rectangular-Blue,nan,,230.0,223.0,,,
249,tools-&-brushes,Parlour Mini Makeup Mirror-Oval-Blue,nan,,230.0,223.0,,,
250,tools-&-brushes,Parlour Mini Makeup Mirror-Oval-Blue,nan,,230.0,223.0,,,
251,tools-&-brushes,Guerniss Eyelash Adhesive,SOLD OUT,,350.0,340.0,,,
252,tools-&-brushes,Parlour Mushroom Beauty Blender Pink,SOLD OUT,,150.0,146.0,,,
253,tools-&-brushes,Parlour Mushroom Beauty Blender Coffee,SOLD OUT,,150.0,146.0,,,
254,tools-&-brushes,Astra Foundation Sponge,SOLD OUT,,450.0,437.0,,,
255,tools-&-brushes,Farmasi Cellulose Facial Sponge,SOLD OUT,,300.0,291.0,5gm,5.0,
256,tools-&-brushes,Groome Silicone Mask Applicator Brush (White),SOLD OUT,,120.0,116.0,,,
257,tools-&-brushes,Guerniss Eyelash Adhesive,SOLD OUT,,350.0,340.0,,,
258,tools-&-brushes,Parlour Mushroom Beauty Blender Pink,SOLD OUT,,150.0,146.0,,,
259,tools-&-brushes,Parlour Mushroom Beauty Blender Coffee,SOLD OUT,,150.0,146.0,,,
260,tools-&-brushes,Farmasi Cellulose Facial Sponge,SOLD OUT,,300.0,291.0,5gm,5.0,
261,tools-&-brushes,Astra Foundation Sponge,SOLD OUT,,450.0,437.0,,,
262,tools-&-brushes,Groome Silicone Mask Applicator Brush (White),SOLD OUT,,120.0,116.0,,,
263,tools-&-brushes,EcoTools Four Piece Touch-Up Set,SOLD OUT,,950.0,922.0,10gm,10.0,
264,tools-&-brushes,Real Techniques Miracle Complexion Sponge,SOLD OUT,,1150.0,1116.0,,,
265,tools-&-brushes,Parlour Pear Shaped Beauty Blender Baby Pink,SOLD OUT,,135.0,131.0,23gm,23.0,
266,tools-&-brushes,Parlour Mushroom Beauty Blender Chocolate,SOLD OUT,,150.0,146.0,23gm,23.0,
267,tools-&-brushes,Astra Professional Brush Kabuki,SOLD OUT,,600.0,582.0,,,
268,tools-&-brushes,Astra Eyebrow Brush,SOLD OUT,,600.0,582.0,,,
269,tools-&-brushes,Parlour Flat End Beauty Blender Sky Blue,SOLD OUT,,135.0,131.0,,,
270,tools-&-brushes,Parlour Pear Shaped Beauty Blender Sky Blue,SOLD OUT,,135.0,131.0,,,
271,tools-&-brushes,Parlour Mushroom Beauty Blender Black,SOLD OUT,,150.0,146.0,,,
272,tools-&-brushes,Technic Mini Beauty Sponges,SOLD OUT,,220.0,213.0,,,
273,tools-&-brushes,Make Up Revolation Ultra Sculpt & Blend Collection Set,SOLD OUT,,1500.0,1455.0,,,
274,tools-&-brushes,NICKA K PENCIL SHARPENER,SOLD OUT,,180.0,175.0,,,
275,tools-&-brushes,EcoTools Essential Eyeset 1227,SOLD OUT,,1100.0,1067.0,,,
276,tools-&-brushes,Real Techniques Core Collection 2 In 1 Case,SOLD OUT,,2000.0,1940.0,,,
277,tools-&-brushes,wet n wild Kabuki Brush,SOLD OUT,,600.0,582.0,,,
278,tools-&-brushes,wet n wild Angled Liner Brush,SOLD OUT,,300.0,291.0,,,
279,tools-&-brushes,Real Techniques Base Flawless Base Set,SOLD OUT,,1950.0,1892.0,,,
280,tools-&-brushes,Real Techniques Base Miracle Face + Body Sponge,SOLD OUT,,950.0,922.0,,,
281,tools-&-brushes,Real Techniques Base Expert Face Brush,SOLD OUT,,900.0,873.0,,,
282,tools-&-brushes,Real Techniques Eye Shade+Blend,SOLD OUT,,950.0,922.0,,,
283,tools-&-brushes,EcoTools Four Piece Touch-Up Set,SOLD OUT,,950.0,922.0,10gm,10.0,
284,tools-&-brushes,Real Techniques Miracle Complexion Sponge,SOLD OUT,,1150.0,1116.0,,,
285,tools-&-brushes,Parlour Flat End Beauty Blender Sky Blue,SOLD OUT,,135.0,131.0,,,
286,tools-&-brushes,Parlour Pear Shaped Beauty Blender Sky Blue,SOLD OUT,,135.0,131.0,,,
287,tools-&-brushes,Parlour Mushroom Beauty Blender Black,SOLD OUT,,150.0,146.0,,,
288,tools-&-brushes,Parlour Pear Shaped Beauty Blender Baby Pink,SOLD OUT,,135.0,131.0,23gm,23.0,
289,tools-&-brushes,Parlour Mushroom Beauty Blender Chocolate,SOLD OUT,,150.0,146.0,23gm,23.0,
290,tools-&-brushes,Astra Professional Brush Kabuki,SOLD OUT,,600.0,582.0,,,
291,tools-&-brushes,Astra Eyebrow Brush,SOLD OUT,,600.0,582.0,,,
292,tools-&-brushes,NICKA K PENCIL SHARPENER,SOLD OUT,,180.0,175.0,,,
293,tools-&-brushes,Make Up Revolation Ultra Sculpt & Blend Collection Set,SOLD OUT,,1500.0,1455.0,,,
294,tools-&-brushes,Technic Mini Beauty Sponges,SOLD OUT,,220.0,213.0,,,
295,tools-&-brushes,Real Techniques Base Flawless Base Set,SOLD OUT,,1950.0,1892.0,,,
296,tools-&-brushes,Real Techniques Base Miracle Face + Body Sponge,SOLD OUT,,950.0,922.0,,,
297,tools-&-brushes,Real Techniques Base Expert Face Brush,SOLD OUT,,900.0,873.0,,,
298,tools-&-brushes,Real Techniques Eye Shade+Blend,SOLD OUT,,950.0,922.0,,,
299,tools-&-brushes,EcoTools Essential Eyeset 1227,SOLD OUT,,1100.0,1067.0,,,
300,tools-&-brushes,Real Techniques Core Collection 2 In 1 Case,SOLD OUT,,2000.0,1940.0,,,
301,tools-&-brushes,wet n wild Kabuki Brush,SOLD OUT,,600.0,582.0,,,
302,tools-&-brushes,wet n wild Angled Liner Brush,SOLD OUT,,300.0,291.0,,,
303,tools-&-brushes,Parlour Mini Makeup Mirror-Round-Pink,nan,,230.0,223.0,,,
304,tools-&-brushes,Parlour Mini Makeup Mirror-Round-Blue,nan,,230.0,223.0,,,
305,tools-&-brushes,Parlour Mini Makeup Mirror-Heart-White,nan,,230.0,223.0,,,
306,tools-&-brushes,Parlour Mini Makeup Mirror-Rectangular-Pink,nan,,230.0,223.0,,,
307,tools-&-brushes,Parlour Mini Makeup Mirror-Rectangular-Blue,nan,,230.0,223.0,,,
308,tools-&-brushes,Parlour Mini Makeup Mirror-Round-Pink,nan,,230.0,223.0,,,
309,tools-&-brushes,Parlour Mini Makeup Mirror-Round-Blue,nan,,230.0,223.0,,,
310,tools-&-brushes,Parlour Mini Makeup Mirror-Heart-White,nan,,230.0,223.0,,,
311,tools-&-brushes,Parlour Mini Makeup Mirror-Rectangular-Pink,nan,,230.0,223.0,,,
312,tools-&-brushes,Parlour Mini Makeup Mirror-Rectangular-Blue,nan,,230.0,223.0,,,
313,tools-&-brushes,Parlour Mini Makeup Mirror-Oval-Blue,nan,,230.0,223.0,,,
314,tools-&-brushes,Parlour Mini Makeup Mirror-Oval-Blue,nan,,230.0,223.0,,,
315,tools-&-brushes,Guerniss Eyelash Adhesive,SOLD OUT,,350.0,340.0,,,
316,tools-&-brushes,Parlour Mushroom Beauty Blender Pink,SOLD OUT,,150.0,146.0,,,
317,tools-&-brushes,Parlour Mushroom Beauty Blender Coffee,SOLD OUT,,150.0,146.0,,,
318,tools-&-brushes,Astra Foundation Sponge,SOLD OUT,,450.0,437.0,,,
319,tools-&-brushes,Farmasi Cellulose Facial Sponge,SOLD OUT,,300.0,291.0,5gm,5.0,
320,tools-&-brushes,Groome Silicone Mask Applicator Brush (White),SOLD OUT,,120.0,116.0,,,
321,tools-&-brushes,Guerniss Eyelash Adhesive,SOLD OUT,,350.0,340.0,,,
322,tools-&-brushes,Parlour Mushroom Beauty Blender Pink,SOLD OUT,,150.0,146.0,,,
323,tools-&-brushes,Parlour Mushroom Beauty Blender Coffee,SOLD OUT,,150.0,146.0,,,
324,tools-&-brushes,Farmasi Cellulose Facial Sponge,SOLD OUT,,300.0,291.0,5gm,5.0,
325,tools-&-brushes,Astra Foundation Sponge,SOLD OUT,,450.0,437.0,,,
326,tools-&-brushes,Groome Silicone Mask Applicator Brush (White),SOLD OUT,,120.0,116.0,,,
327,tools-&-brushes,EcoTools Four Piece Touch-Up Set,SOLD OUT,,950.0,922.0,10gm,10.0,
328,tools-&-brushes,Real Techniques Miracle Complexion Sponge,SOLD OUT,,1150.0,1116.0,,,
329,tools-&-brushes,Parlour Pear Shaped Beauty Blender Baby Pink,SOLD OUT,,135.0,131.0,23gm,23.0,
330,tools-&-brushes,Parlour Mushroom Beauty Blender Chocolate,SOLD OUT,,150.0,146.0,23gm,23.0,
331,tools-&-brushes,Astra Professional Brush Kabuki,SOLD OUT,,600.0,582.0,,,
332,tools-&-brushes,Astra Eyebrow Brush,SOLD OUT,,600.0,582.0,,,
333,tools-&-brushes,Parlour Flat End Beauty Blender Sky Blue,SOLD OUT,,135.0,131.0,,,
334,tools-&-brushes,Parlour Pear Shaped Beauty Blender Sky Blue,SOLD OUT,,135.0,131.0,,,
335,tools-&-brushes,Parlour Mushroom Beauty Blender Black,SOLD OUT,,150.0,146.0,,,
336,tools-&-brushes,EcoTools Four Piece Touch-Up Set,SOLD OUT,,950.0,922.0,10gm,10.0,
337,tools-&-brushes,Real Techniques Miracle Complexion Sponge,SOLD OUT,,1150.0,1116.0,,,
338,tools-&-brushes,Parlour Mini Makeup Mirror-Round-Pink,nan,,230.0,223.0,,,
339,tools-&-brushes,Parlour Mini Makeup Mirror-Round-Blue,nan,,230.0,223.0,,,
340,tools-&-brushes,Parlour Mini Makeup Mirror-Heart-White,nan,,230.0,223.0,,,
341,tools-&-brushes,Parlour Mini Makeup Mirror-Rectangular-Pink,nan,,230.0,223.0,,,
342,tools-&-brushes,Parlour Mini Makeup Mirror-Rectangular-Blue,nan,,230.0,223.0,,,
343,tools-&-brushes,Parlour Mini Makeup Mirror-Round-Pink,nan,,230.0,223.0,,,
344,tools-&-brushes,Parlour Mini Makeup Mirror-Round-Blue,nan,,230.0,223.0,,,
345,tools-&-brushes,Parlour Mini Makeup Mirror-Heart-White,nan,,230.0,223.0,,,
346,tools-&-brushes,Parlour Mini Makeup Mirror-Rectangular-Pink,nan,,230.0,223.0,,,
347,tools-&-brushes,Parlour Mini Makeup Mirror-Rectangular-Blue,nan,,230.0,223.0,,,
348,tools-&-brushes,Parlour Mini Makeup Mirror-Oval-Blue,nan,,230.0,223.0,,,
349,tools-&-brushes,Parlour Mini Makeup Mirror-Oval-Blue,nan,,230.0,223.0,,,
350,tools-&-brushes,Guerniss Eyelash Adhesive,SOLD OUT,,350.0,340.0,,,
351,tools-&-brushes,Parlour Mushroom Beauty Blender Pink,SOLD OUT,,150.0,146.0,,,
352,tools-&-brushes,Parlour Mushroom Beauty Blender Coffee,SOLD OUT,,150.0,146.0,,,
353,tools-&-brushes,Astra Foundation Sponge,SOLD OUT,,450.0,437.0,,,
354,tools-&-brushes,Farmasi Cellulose Facial Sponge,SOLD OUT,,300.0,291.0,5gm,5.0,
355,tools-&-brushes,Groome Silicone Mask Applicator Brush (White),SOLD OUT,,120.0,116.0,,,
356,tools-&-brushes,Parlour Mini Makeup Mirror-Round-Pink,nan,,230.0,223.0,,,
357,tools-&-brushes,Parlour Mini Makeup Mirror-Round-Blue,nan,,230.0,223.0,,,
358,tools-&-brushes,Parlour Mini Makeup Mirror-Heart-White,nan,,230.0,223.0,,,
359,tools-&-brushes,Parlour Mini Makeup Mirror-Rectangular-Pink,nan,,230.0,223.0,,,
360,tools-&-brushes,Parlour Mini Makeup Mirror-Rectangular-Blue,nan,,230.0,223.0,,,
361,tools-&-brushes,Parlour Mini Makeup Mirror-Round-Pink,nan,,230.0,223.0,,,
362,tools-&-brushes,Parlour Mini Makeup Mirror-Round-Blue,nan,,230.0,223.0,,,
363,tools-&-brushes,Parlour Mini Makeup Mirror-Heart-White,nan,,230.0,223.0,,,
364,tools-&-brushes,Parlour Mini Makeup Mirror-Rectangular-Pink,nan,,230.0,223.0,,,
365,tools-&-brushes,Parlour Mini Makeup Mirror-Rectangular-Blue,nan,,230.0,223.0,,,
