ID,category,product_title,product_ribbon,product_prev_price,product_curr_price,product_app_price,product_weight,weight_gm,weight_ml
0,top-brands,Revlon Colorsilk Beautiful Permanent Hair color 49 Auburn Brown,SALE,650.0,550.0,,,,
1,top-brands,Garnier Micellar Water with Vitamin C,SALE,650.0,545.0,529.0,125ml,,125.0
2,top-brands,Revlon Color Silk Beautiful Color Dark Golden Brown 37,SALE,650.0,550.0,,59.1ml,,59.1
3,top-brands,The Body Shop Born Lippy Pot Lip Balm - Watermelon,SALE,550.0,450.0,437.0,8.9gm,8.9,
4,top-brands,Revlon Colorsilk Hair Color Black 10,SALE,650.0,550.0,,59.1ml,,59.1
5,top-brands,Revlon Colorsilk Hair Color Lightest Golden Brown 57,SALE,650.0,550.0,,59.1ml,,59.1
6,top-brands,L'Oreal White Perfect Deep-Cleansing & Brightening With Rice Care,SALE,950.0,799.0,775.0,100ml,,100.0
7,top-brands,Revlon ColorSilk Beautiful Colo 55 Light Reddish Brown,SALE,650.0,550.0,,,,
8,top-brands,"Revlon ColorSilk Beautiful Color, 48 Burgundy",SALE,650.0,550.0,,,,
9,top-brands,"Revlon Colorsilk Hair Color,43 Medium Golden Brown",SALE,650.0,550.0,,,,
10,top-brands,Revlon Color Silk Beautiful Color Dark Soft Brown 33,SALE,650.0,515.0,,59.1ml,,59.1
11,top-brands,Revlon ColorSilk Beautiful 3D Hair Color - 20 Negro Natural (Brown Black),SALE,650.0,550.0,,140ml,,140.0
12,top-brands,Maybelline Fit Me Matte + Poreless Foundation- Natural Buff 230,SALE,1250.0,870.0,844.0,30ml,,30.0
13,top-brands,Maybelline Fit Me Concealer 25 Medium,SALE,1250.0,950.0,922.0,6.8ml,,6.8
14,top-brands,Revlon Colorsilk Hair Color Deep Burgundy 34,SALE,650.0,550.0,,59.1ml,,59.1
15,top-brands,Revlon Colorsilk Beautiful Color 30 Dark Brown,SALE,650.0,515.0,,,,
16,top-brands,Revlon Color Silk Hair Color Ultra Light Natural Blonde 04,SALE,650.0,550.0,,59.1ml,,59.1
17,top-brands,Revlon Colorsilk Hair Color Warm Glden Blonde 75,SALE,650.0,550.0,,59.1ml,,59.1
18,top-brands,Revlon Colorsilk Hair Color Medium Ash Brown 40,SALE,650.0,550.0,,59.1ml,,59.1
19,top-brands,Maybelline Fit Me Concealer 15 Fair,SALE,1250.0,950.0,922.0,6.8ml,,6.8
20,top-brands,Maybelline Baby Skin Instant Pore Eraser (UK),SALE,1000.0,750.0,728.0,22ml,,22.0
21,top-brands,Maybelline Fit Me Matte + Poreless Foundation- Rich Tan 238,SALE,1250.0,870.0,844.0,30ml,,30.0
22,top-brands,Maybelline Fit Me Matte + Poreless Foundation- Warm Nude 128,SALE,1250.0,999.0,969.0,30ml,,30.0
23,top-brands,Revlon Colorsilk Hair Color Medium Brown,nan,,525.0,,,,
24,top-brands,Revlon Super Lustrous Matte Lipstick Glaring Red,nan,,900.0,,4.2gm,4.2,
25,top-brands,Revlon Ultra HD Matte Lip Color 605 Obsession,nan,,1625.0,,5.9ml,,5.9
26,top-brands,Maybelline New York Dream Brightening Creamy Concealer Light 20,nan,,1050.0,1019.0,3gm,3.0,
27,top-brands,Revlon Ultra Hd Matte Lip Color Devotion,nan,,1950.0,,5.9gm,5.9,
28,top-brands,Revlon Eye & Lip Makeup Remover,nan,,450.0,,60ml,,60.0
29,top-brands,Revlon Super Lustrous Lipstick - Love That Red,nan,,900.0,,4.2gm,4.2,
30,top-brands,Maybelline Fit Me Matte + Poreless Foundation- Nude Beige 125,nan,,1250.0,1213.0,30ml,,30.0
31,top-brands,Revlon Super Lustrous Matte Lipstick Seductive Sienna,nan,,900.0,,4.2gm,4.2,
32,top-brands,Revlon Super Lustrous Matte Lipstick Retro Red,nan,,900.0,,4.2gm,4.2,
33,top-brands,Revlon Colorsilk Hair Color Deep Rich Brown 2WB,nan,,525.0,,,,
34,top-brands,Revlon Super Lustrous Matte Lipstick Peachy Vibes,nan,,900.0,,4.2gm,4.2,
35,top-brands,Revlon Super Lustrous Matte Lipstick Showy Red,nan,,900.0,,4.2gm,4.2,
36,top-brands,Revlon Super Lustrous Matte Lipstick Striking Coral,nan,,900.0,,4.2gm,4.2,
37,top-brands,Revlon Ultra HD Matte Lip Color 640 Embrace,nan,,1625.0,,5.9ml,,5.9
38,top-brands,Revlon Nail Enamel Knotty Berry,nan,,360.0,,8ml,,8.0
39,top-brands,Revlon Nail Enamel Revlon Red,nan,,360.0,,8ml,,8.0
40,top-brands,Rimmel Scandaleyes Waterproof Kohl Kajal- 005 Nude,nan,,650.0,,1.3gm,1.3,
41,top-brands,Revlon Ultra Hd Matte Lip Color Romance,nan,,1625.0,,5.9gm,5.9,
42,top-brands,Revlon Nearly Naked Pressed Powder Fair,nan,,1250.0,,8gm,8.0,
43,top-brands,Revlon Nail Enamel Red Shine,nan,,360.0,,8ml,,8.0
44,top-brands,Revlon Nail Enamel Matte Top Coat,nan,,360.0,,8ml,,8.0
45,top-brands,Revlon Nail Enamel Cherry Berry,nan,,360.0,,8ml,,8.0
46,top-brands,Revlon Nail Enamel Red Spark,nan,,360.0,,8ml,,8.0
47,top-brands,Rimmel Scandaleyes Waterproof Kohl Kajal- 001 Black,nan,,650.0,631.0,1.3gm,1.3,
48,top-brands,Maybelline Baby Skin Instant Pore Eraser (USA),nan,,900.0,873.0,22ml,,22.0
49,top-brands,Maybelline Fit Me Matte + Poreless Foundation- Natural Beige 220,nan,,1250.0,1213.0,30ml,,30.0
50,top-brands,Revlon ColorStay Foundation For Combination/Oily Skin - Fresh Beige 250,nan,,1625.0,,30ml,,30.0
51,top-brands,Revlon Super Lustrous Matte Lipstick Paradise Pink,nan,,900.0,,4.2gm,4.2,
52,top-brands,Revlon Ultra Hd Matte Lip Color Love,nan,,1625.0,,5.9gm,5.9,
53,top-brands,Revlon Nail Enamel Silver Jewel,nan,,360.0,,8ml,,8.0
54,top-brands,Revlon Nail Enamel Peacock Blue,nan,,360.0,,8ml,,8.0
55,top-brands,Revlon Super Lustrous Matte Lipstick Vivid Pink,nan,,900.0,,4.2gm,4.2,
56,top-brands,Revlon Nail Enamel Fireball,nan,,300.0,,8ml,,8.0
57,top-brands,Revlon Nail Enamel Teak Rose,nan,,360.0,,8ml,,8.0
58,top-brands,Revlon Nail Enamel Bride's Glee,nan,,360.0,,8ml,,8.0
59,top-brands,Revlon Ultra Hd Matte Lip Color Kisses,nan,,1625.0,,5.9gm,5.9,
60,top-brands,L’Oreal Paris Infallible Primer Anti Redness 02,nan,,950.0,922.0,20ml,,20.0
61,top-brands,Revlon Super Lustrous Matte Lipstick Sassy Berry,nan,,900.0,,4.2gm,4.2,
62,top-brands,Revlon Super Lustrous Matte Lipstick Mesmerizing Peach,nan,,900.0,,4.2gm,4.2,
63,top-brands,Revlon Nail Enamel Bride's Glee,nan,,360.0,,8ml,,8.0
64,top-brands,Revlon Hair Color Silk - 11 Negro Suave,SOLD OUT,650.0,515.0,,59.1ml,,59.1
65,top-brands,"Revlon ColorSilk Hair Color, 42 Medium Auburn",SOLD OUT,650.0,550.0,,,,
66,top-brands,Revlon Hair Color Silk - 54 Light Golden Brown,SOLD OUT,650.0,550.0,,59.1ml,,59.1
67,top-brands,Revlon Colorsilk Hair Color Light Brown 51,SOLD OUT,650.0,550.0,,59.1ml,,59.1
68,top-brands,Maybelline Fit Me Concealer 20 Sand,SOLD OUT,1250.0,950.0,922.0,6.8ml,,6.8
69,top-brands,Revlon ColorSilk Beautiful Permanent Hair Color 46 Medium Golden Chestnut Brown,SOLD OUT,650.0,550.0,,,,
70,top-brands,Maybelline Fit Me Matte + Poreless Foundation- Ivory 115,SOLD OUT,1250.0,950.0,922.0,30ml,,30.0
71,top-brands,Revlon Flex Body Building Protein Shampoo For Normal to Dry,SOLD OUT,300.0,199.0,,200ml,,200.0
72,top-brands,Revlon Flex Body Building Protein Shampoo For Dry / Damaged,SOLD OUT,300.0,199.0,,200ml,,200.0
73,top-brands,Revlon Colorsilk Dark Auburn Hair 31,SOLD OUT,,650.0,,40ml,,40.0
74,top-brands,Revlon Super Lustrous Matte Lipstick Daring Plum,SOLD OUT,,900.0,,4.2gm,4.2,
75,top-brands,Revlon Ultra Hd Matte Lip Color Addiction,SOLD OUT,,1950.0,,5.9gm,5.9,
76,top-brands,Maybelline Fit Me Matte + Poreless Foundation- Classic Ivory 120,SOLD OUT,,1250.0,1213.0,30ml,,30.0
77,top-brands,Revlon Colorsilk Hair Color Dark Mahogany Brown 3RB,SOLD OUT,,525.0,,,,
78,top-brands,Revlon Water Tight Mascara Black,SOLD OUT,,670.0,,8ml,,8.0
79,top-brands,Revlon Colorsilk Beautiful Color Permanent Hair Dye Vibrant Red 35,SOLD OUT,,650.0,,,,
80,top-brands,Revlon Colorstay Gel Envy Long Wear Nail Enamel Blackjack,SOLD OUT,,550.0,,11.7ml,,11.7
81,top-brands,Revlon Nail Enamel Marry Me,SOLD OUT,,360.0,,8ml,,8.0
82,top-brands,Revlon Colorstay Make Up Warm Golden For Combination/Oily Skin,SOLD OUT,,1625.0,,30ml,,30.0
83,top-brands,Revlon Hair Color Silk - 53 Light Auburn,SOLD OUT,,650.0,,59.1ml,,59.1
84,top-brands,Revlon Colorsilk Hair Color Light Ash Brown 50,SOLD OUT,,650.0,,59.1ml,,59.1
85,top-brands,Maybelline Fit Me Matte + Poreless Foundation- Tofee 330,SOLD OUT,,1250.0,1213.0,30ml,,30.0
86,top-brands,Maybelline Fit Me Matte + Poreless Foundation- Soft Tan 228,SOLD OUT,,1250.0,1213.0,30ml,,30.0
87,top-brands,Revlon Colorstay Gel Envy Long Wear Nail Enamel Perfect Pair,SOLD OUT,,550.0,,11.7ml,,11.7
88,top-brands,Revlon Nail Enamel Choco Celebration,SOLD OUT,,360.0,,8ml,,8.0
89,top-brands,Revlon Nail Enamel Copper Penny,SOLD OUT,,360.0,,8ml,,8.0
90,top-brands,Revlon Nail Enamel Knock Out,SOLD OUT,,360.0,,8ml,,8.0
91,top-brands,Revlon Super Lustrous Lipstick Chocolate Velvet,SOLD OUT,,1100.0,,4.2gm,4.2,
92,top-brands,Revlon Touch & Glow Moisturising Powder Ivory Matte,SOLD OUT,,780.0,,12gm,12.0,
93,top-brands,Revlon Touch & Glow Moisturising Powder Gold Matte,SOLD OUT,,780.0,,12gm,12.0,
94,top-brands,Revlon Super Lustrous Matte Lipstick Spirited Plum,SOLD OUT,,900.0,,4.2gm,4.2,
95,top-brands,Revlon Colorsilk Beautiful Color Permanent Hair Dye Medium Rich Brown 47,SOLD OUT,,650.0,,,,
96,top-brands,Revlon Color Silk Hair Color Medium Brown 41,SOLD OUT,,650.0,,59.1ml,,59.1
97,top-brands,Maybelline Fit Me Matte + Poreless Foundation- Pure Beige 235,SOLD OUT,,960.0,931.0,,,
98,top-brands,Revlon Flex Body Building Protein Conditioner-Regular,SOLD OUT,,625.0,,592ml,,592.0
99,top-brands,Revlon Flex Body Building Protein Shampoo-Oily,SOLD OUT,,625.0,,592ml,,592.0
100,top-brands,Revlon Flex Body Building Protein Conditioner Oily,SOLD OUT,,625.0,,592ml,,592.0
101,top-brands,Revlon Colorsilk Hair Color Dark Auburn 3R,SOLD OUT,,525.0,,,,
102,top-brands,Revlon Touch & Glow Moisturising Powder Natural Matte,SOLD OUT,,780.0,,12gm,12.0,
103,top-brands,Revlon Colorstay One Stroke Defining Eyeliner Kajal Blackest Black,SOLD OUT,,1100.0,,1.2gm,1.2,
104,top-brands,Revlon Beyond Natural Lashes 91305,SOLD OUT,,275.0,,,,
105,top-brands,Revlon Colorsilk Hair Color Brown Black 2N,SOLD OUT,,525.0,,,,
106,top-brands,Revlon Colorsilk Hair Color Medium Golden Chestnut Brown 4GC,SOLD OUT,,525.0,,40ml,,40.0
107,top-brands,Revlon Colorsilk Hair Color Deep Burgundy 3DB,SOLD OUT,,525.0,,,,
108,top-brands,Revlon Beyond Natural Lashes 91302,SOLD OUT,,275.0,,,,
109,top-brands,REVLON PERFECT HEAT™ FAST AND LIGHT HAIR DRYER,SOLD OUT,,3350.0,,,,
110,top-brands,Revlon Flex Body Building Protein Conditioner Regular,SOLD OUT,,300.0,,200ml,,200.0
111,top-brands,Revlon Super Lustrous Lipstick Bombshell Red,SOLD OUT,,1100.0,,4.2gm,4.2,
112,top-brands,Revlon Color Burst Matte Lip Balm Fiery,SOLD OUT,,1425.0,,2.7gm,2.7,
113,top-brands,Revlon Nano Ion + Ceramic Technology Bristles Small Round Porcupine Hair Brush,SOLD OUT,,1150.0,,,,
114,top-brands,Revlon Colorstay Gel Envy Longwear Nail Enamel Full House,SOLD OUT,,550.0,,11.7ml,,11.7
115,top-brands,Revlon Colorstay Gel Envy Longwear Nail Enamel Queen of Hearts,SOLD OUT,,550.0,,11.7ml,,11.7
116,top-brands,Revlon Nail Enamel Raven Red,SOLD OUT,,300.0,,8ml,,8.0
117,top-brands,Fit Me Matte And Poreless Foundation 120,SOLD OUT,,950.0,922.0,30ml,,30.0
118,top-brands,Revlon Charlie Blue EDT,SOLD OUT,,950.0,,100ml,,100.0
119,top-brands,Garnier Skin Active Micellar Clear Water,SOLD OUT,,450.0,437.0,125ml,,125.0
120,top-brands,Maybelline Fit Me Luminous + Smooth Classic Ivory 120,SOLD OUT,,1250.0,1213.0,30ml,,30.0
121,top-brands,Revlon Hair Color Silk - 45 Bright Auburn,SOLD OUT,,650.0,,59.1ml,,59.1
122,top-brands,Revlon Runway Collection 24 Nails 91027,SOLD OUT,,520.0,,,,
123,top-brands,Revlon Runway Collection 24 Nails 91031,SOLD OUT,,520.0,,,,
124,top-brands,Revlon Runway Collection 24 Nails 91038,SOLD OUT,,520.0,,,,
125,top-brands,Revlon Ultimatte All-In-One Blackest Black,SOLD OUT,,1000.0,,8.5ml,,8.5
126,top-brands,M.A.C in Extreme Dimension Lash Mascara,SOLD OUT,,3200.0,,12gm,12.0,
127,top-brands,Revlon Highlighting Palette- Peach Glow,SOLD OUT,,1680.0,,7.5gm,7.5,
128,top-brands,Bioderma Photoderm MAX Compact Light Tinted SPF 50+,SOLD OUT,,2350.0,,10gm,10.0,
129,top-brands,Revlon ColorBurst Lipstick - Croquette,SOLD OUT,,1132.0,,3gm,3.0,
130,top-brands,Revlon Color Burst Lipstick - Sweetheart Valentine,SOLD OUT,,1132.0,,3gm,3.0,
131,top-brands,Revlon ColorStay Ultimate Suede Lipstick - Muse,SOLD OUT,,1300.0,,2.55gm,2.55,
132,top-brands,Revlon Ultra HD Lipstick - Poppy,SOLD OUT,,650.0,,3gm,3.0,
133,top-brands,Revlon Super Lustrous Lipstick - Kiss Me Coral,SOLD OUT,,1131.0,,4.2gm,4.2,
134,top-brands,Revlon Super Lustrous Lipstick - Fire & Ice,SOLD OUT,,1131.0,,4.2gm,4.2,
135,top-brands,Revlon ColorBurst Lip Butter - Candy Apple,SOLD OUT,,950.0,,2.55gm,2.55,
136,top-brands,Revlon Ultra HD Lipstick - Marigold,SOLD OUT,,650.0,,3gm,3.0,
137,top-brands,Revlon Ultra HD Lipstick- Geranium,SOLD OUT,,650.0,,3gm,3.0,
138,top-brands,Revlon ColorStay Whipped Crème Makeup - Natural Beige 240,SOLD OUT,,1817.0,,23.7ml,,23.7
139,top-brands,Maybelline Fit Me Matte + Poreless Foundation- Buff Beige 130,SOLD OUT,,1250.0,1213.0,30ml,,30.0
140,top-brands,Revlon ColorStay Whipped Crème Makeup - Warm Golden 320,SOLD OUT,,1690.0,,23.7ml,,23.7
141,top-brands,Maybelline Fit Me Dewy+Smooth Foundation- Ivory 115,SOLD OUT,,1250.0,1213.0,30ml,,30.0
142,top-brands,Maybelline Fit Me Dewy+Smooth Foundation- Classic Ivory 120,SOLD OUT,,1250.0,1213.0,30ml,,30.0
143,top-brands,Maybelline Color Elixir Lip Gloss-Opalescent Orchid,SOLD OUT,,1175.0,1140.0,5ml,,5.0
144,top-brands,Revlon ColorStay Whipped Crème Makeup -  Buff 150,SOLD OUT,,1817.0,,23.7ml,,23.7
145,top-brands,Maybelline Fit Me Dewy+Smooth Foundation- Golden Beige 240,SOLD OUT,,1250.0,1213.0,30ml,,30.0
146,top-brands,M.A.C Amplified Lipstick - Vegas Volt,SOLD OUT,,2350.0,,3gm,3.0,
147,top-brands,Revlon Colorsilk Hair Color Dark Auburn 3R,SOLD OUT,,525.0,,,,
148,top-brands,Revlon Touch & Glow Moisturising Powder Natural Matte,SOLD OUT,,780.0,,12gm,12.0,
149,top-brands,Revlon Colorstay One Stroke Defining Eyeliner Kajal Blackest Black,SOLD OUT,,1100.0,,1.2gm,1.2,
150,top-brands,Revlon Beyond Natural Lashes 91305,SOLD OUT,,275.0,,,,
151,top-brands,"Revlon Single Pair Lashes,Lightening (91297)",SOLD OUT,,550.0,,,,
152,top-brands,"Revlon beyond natural lashes,flirty,1.2 ounce",SOLD OUT,,650.0,,,,
153,top-brands,Revlon beyond naturals lashes multi pack of 4 - most loved lengthening (91290),SOLD OUT,,650.0,,,,
154,top-brands,Revlon Nail Enamel Rouge Chrome,SOLD OUT,,300.0,,8ml,,8.0
155,top-brands,Revlon Nano Ion + Ceramic Technology Round Wet Detangling Cushion Hair Brush,SOLD OUT,,1150.0,,,,
156,top-brands,Revlon Colorstay Gel Envy Longwear Nail Enamel Gambling Heart,SOLD OUT,,550.0,,11.7ml,,11.7
157,top-brands,Revlon Colorstay Gel Envy Longwear Nail Enamel Get Lucky,SOLD OUT,,550.0,,11.7ml,,11.7
158,top-brands,Revlon Colorstay Gel Envy Longwear Nail Enamel Vegas Baby,SOLD OUT,,550.0,,11.7ml,,11.7
159,top-brands,Revlon Colorstay Gel Envy Longwear Nail Enamel Royal Flush,SOLD OUT,,550.0,,11.7ml,,11.7
160,top-brands,Revlon Dramatic Definition Mascara 201 Blackest Black,SOLD OUT,,680.0,,8.5ml,,8.5
161,top-brands,Revlon Dramatic Definition Mascara 251 Blackest Black (Waterproof),SOLD OUT,,680.0,,8.5ml,,8.5
162,top-brands,Revlon Ultra Volume Mascara 003 Blackened Brown,SOLD OUT,,680.0,,8.5ml,,8.5
163,top-brands,Revlon Runway Collection 24 Nails 91040,SOLD OUT,,520.0,,,,
164,top-brands,Maybelline Instant Age Rewind Eraser Dark Circles Treatment Concealer 100 Ivory,SOLD OUT,,1250.0,1213.0,,,
165,top-brands,Maybelline Instant Age Rewind Eraser Dark Circles Treatment Concealer 122 Sand,SOLD OUT,,1250.0,1213.0,,,
166,top-brands,Bioderma Photoderm MAX Compact Light Tinted SPF 50+,SOLD OUT,,2350.0,,10gm,10.0,
167,top-brands,Revlon ColorBurst Lipstick - Croquette,SOLD OUT,,1132.0,,3gm,3.0,
168,top-brands,Revlon Color Stay Exactify Liquid Liner,SOLD OUT,,650.0,,10ml,,10.0
169,top-brands,Revlon 5 Kiss Balms Travel Executive,SOLD OUT,,1500.0,,,,
170,top-brands,Maybelline Instant Age Rewind Eraser Dark Circles Treatment Concealer 110 Fair,SOLD OUT,,1250.0,1213.0,,,
171,top-brands,L'Oreal Infallible Pro-Matte 100 Porcelain,SOLD OUT,,1450.0,1407.0,9gm,9.0,
172,top-brands,Revlon Colorsilk Hair Color Medium Ash Blonde 70,SOLD OUT,,650.0,,59.1ml,,59.1
173,top-brands,The Body Shop Born Lippy Pot Lip Balm - Satsuma Shimmer,SOLD OUT,,400.0,388.0,10ml,,10.0
174,top-brands,Maybelline Fit Me 104 Light Pink,SOLD OUT,,750.0,728.0,4.5gm,4.5,
175,top-brands,Maybelline Fit Me Set+Smooth Pressed Powder - Porcelain 110,SOLD OUT,,1050.0,1019.0,8.5gm,8.5,
176,top-brands,The Body Shop Tea Tree Flawless BB Cream- 03 Dark,SOLD OUT,,1250.0,1213.0,40ml,,40.0
177,top-brands,Revlon ColorBurst Lipstick - Mischievous,SOLD OUT,,1132.0,,3gm,3.0,
178,top-brands,Revlon Ultra Hd Lipstick - Poinsettia,SOLD OUT,,650.0,,3gm,3.0,
179,top-brands,Revlon Super Lustrous Lipstick - Abstract Orange,SOLD OUT,,1131.0,,4.2gm,4.2,
180,top-brands,Revlon Super Lustrous Lipstick - Certainly Red,SOLD OUT,,1131.0,,4.2gm,4.2,
181,top-brands,Revlon Renewist Lipcolor - Heart Warming,SOLD OUT,,1130.0,,4.2gm,4.2,
182,top-brands,Revlon Super Lustrous Lipstick - Cherries in the Snow,SOLD OUT,,1130.0,,4.2gm,4.2,
183,top-brands,Maybelline Color Elixir Lip Gloss-Radiant Ruby,SOLD OUT,,1175.0,1140.0,5ml,,5.0
184,top-brands,Revlon ColorStay Whipped Crème Makeup - Nude 220,SOLD OUT,,1817.0,,23.7ml,,23.7
185,top-brands,Maybelline Fit Me Dewy+Smooth Foundation- Nude Beige 125,SOLD OUT,,1250.0,1213.0,30ml,,30.0
186,top-brands,Maybelline Age Rewind Concealer 110 Fair,SOLD OUT,,1215.0,1179.0,6ml,,6.0
187,top-brands,Maybelline Fit Me Matte + Poreless Foundation- True Beige 222,SOLD OUT,,1250.0,1213.0,30ml,,30.0
188,top-brands,M.A.C Amplified Lipstick - Fusion Pink,SOLD OUT,,2350.0,,3gm,3.0,
189,top-brands,Maybelline Fit Me Matte + Poreless Foundation- Sun Beige 310,SOLD OUT,,1250.0,1213.0,30ml,,30.0
190,top-brands,Revlon renewist lipstick- Naturally Revealing,SOLD OUT,,1130.0,,3gm,3.0,
191,top-brands,Revlon Brow Fantasy - Light Brown,SOLD OUT,,1145.0,,1.18ml,,1.18
192,top-brands,Maybelline Fit Me Set+Smooth Pressed Powder - Classic Ivory 120,SOLD OUT,,1050.0,1019.0,8.5gm,8.5,
193,top-brands,Revlon Nail Enamel Illusion,SOLD OUT,,360.0,,8ml,,8.0
194,top-brands,Revlon Nail Enamel Charmed,SOLD OUT,,360.0,,8ml,,8.0
195,top-brands,Revlon Ultra Hd Matte Lip Color Passion,SOLD OUT,,1625.0,,5.9gm,5.9,
196,top-brands,Revlon Powder Blush Oh Baby! Pink,SOLD OUT,,1050.0,,5gm,5.0,
197,top-brands,Revlon Colorsilk Hair Color Black 1N,SOLD OUT,,525.0,,,,
198,top-brands,Revlon Colorsilk Hair Color Dark Brown 3N,SOLD OUT,,525.0,,,,
199,top-brands,Revlon Colorsilk Hair Color Light Golden Brown 5G,SOLD OUT,,525.0,,,,
200,top-brands,Revlon Colorsilk Hair Color Soft Black 1WN,SOLD OUT,,525.0,,40ml,,40.0
201,top-brands,Revlon Colorstay One Stroke Defining Eyeliner Kajal Smoke,SOLD OUT,,900.0,,1.2gm,1.2,
202,top-brands,Revlon Single Pair Lashes Thickening Chic 91204,SOLD OUT,,275.0,,,,
203,top-brands,Revlon Isaac Mizrahi Extra Curl Lash Curler 80685,SOLD OUT,,375.0,,,,
204,top-brands,Revlon Beyond Natural Lashes 91297,SOLD OUT,,275.0,,,,
205,top-brands,Garnier Skin Active Vitamin C Brightening Serum,SOLD OUT,,1650.0,1601.0,30ml,,30.0
206,top-brands,REVLON PERFECT HEAT™ SMOOTH BRILLIANCE™ HAIR DRYER,SOLD OUT,,3350.0,,,,
207,top-brands,Revlon Nano Ion + Ceramic Technology Round Bristles Tunnel Vent Hair Brush,SOLD OUT,,1150.0,,,,
208,top-brands,Revlon Perfect Straight Digital Straightener,SOLD OUT,,3500.0,,,,
209,top-brands,Maybelline Lash Sensational Volume Effect Mascara Black,SOLD OUT,,850.0,825.0,9.5ml,,9.5
210,top-brands,Revlon Perfect Style Maximum Shine Large Round Brush,SOLD OUT,,950.0,,,,
211,top-brands,Revlon Detangle & Smooth Black Cushion Hair Brush Red,SOLD OUT,,950.0,,,,
212,top-brands,Revlon Perfect Style Maximum Shine Porcupine Round Brush Black,SOLD OUT,,950.0,,,,
213,top-brands,Revlon Charlie Blue EDT,SOLD OUT,,950.0,,100ml,,100.0
214,top-brands,Garnier Skin Active Micellar Clear Water,SOLD OUT,,450.0,437.0,125ml,,125.0
215,top-brands,REVLON PERFECT HEAT™ FAST AND LIGHT HAIR DRYER,SOLD OUT,,3350.0,,,,
216,top-brands,Maybelline Fit Me Luminous + Smooth Classic Ivory 120,SOLD OUT,,1250.0,1213.0,30ml,,30.0
217,top-brands,Revlon Runway Collection 24 Nails 91027,SOLD OUT,,520.0,,,,
218,top-brands,Revlon Runway Collection 24 Nails 91031,SOLD OUT,,520.0,,,,
219,top-brands,Revlon Runway Collection 24 Nails 91038,SOLD OUT,,520.0,,,,
220,top-brands,Revlon Hair Color Silk - 45 Bright Auburn,SOLD OUT,,650.0,,59.1ml,,59.1
221,top-brands,Revlon Ultimatte All-In-One Blackest Black,SOLD OUT,,1000.0,,8.5ml,,8.5
222,top-brands,Revlon ColorBurst Lipstick - Tease seductrice,SOLD OUT,,1132.0,,3gm,3.0,
223,top-brands,Revlon ColorStay Ultimate Suede Lipstick - Flashing Lights,SOLD OUT,,1300.0,,2.55gm,2.55,
224,top-brands,Revlon Colorburst Lip Butter - Sorbet,SOLD OUT,,950.0,,2.55gm,2.55,
225,top-brands,Revlon Colorburst Lip Butter - Lollipop,SOLD OUT,,950.0,,2.5gm,2.5,
226,top-brands,Revlon Super Lustrous Lipstick - Ravish Me Red,SOLD OUT,,1131.0,,4.2gm,4.2,
227,top-brands,Revlon Super Lustrous Lipstick - Soft Silver Rose,SOLD OUT,,1131.0,,4.2gm,4.2,
228,top-brands,Revlon Ultra HD Lipstick- Gladiolus,SOLD OUT,,650.0,,3gm,3.0,
229,top-brands,M.A.C Studio Fix Fluid SPF 15 Foundation- NC 15,SOLD OUT,,3950.0,,30ml,,30.0
230,top-brands,M.A.C Studio Fix Fluid SPF 15 Foundation- NC 20,SOLD OUT,,3950.0,,30ml,,30.0
231,top-brands,L'Oreal Infallible Pro-Matte 100 Porcelain,SOLD OUT,,1450.0,1407.0,9gm,9.0,
232,top-brands,Maybelline Fit Me Dewy+Smooth Foundation - 228 Soft Tan,SOLD OUT,,1250.0,1213.0,30ml,,30.0
233,top-brands,Maybelline Fit Me Dewy+Smooth Foundation - 230 Natural Buff,SOLD OUT,,1250.0,1213.0,30ml,,30.0
234,top-brands,Revlon Ultra Volume Mascara 001 Blackest Black,SOLD OUT,,680.0,,8.5ml,,8.5
235,top-brands,Revlon Mega Volume And Length Free Color Stay Eye Liner,SOLD OUT,,1450.0,,,,
236,top-brands,Revlon Color Stay Exactify Liquid Liner,SOLD OUT,,650.0,,10ml,,10.0
237,top-brands,Revlon 5 Kiss Balms Travel Executive,SOLD OUT,,1500.0,,,,
238,top-brands,The Body Shop Born Lippy Pot Lip Balm - Satsuma Shimmer,SOLD OUT,,400.0,388.0,10ml,,10.0
239,top-brands,Revlon Colorsilk Hair Color Dark Auburn 3R,SOLD OUT,,525.0,,,,
240,top-brands,Revlon Touch & Glow Moisturising Powder Natural Matte,SOLD OUT,,780.0,,12gm,12.0,
241,top-brands,Revlon Colorstay One Stroke Defining Eyeliner Kajal Blackest Black,SOLD OUT,,1100.0,,1.2gm,1.2,
242,top-brands,Revlon Beyond Natural Lashes 91305,SOLD OUT,,275.0,,,,
243,top-brands,REVLON PERFECT HEAT™ FAST AND LIGHT HAIR DRYER,SOLD OUT,,3350.0,,,,
244,top-brands,Revlon Charlie Blue EDT,SOLD OUT,,950.0,,100ml,,100.0
245,top-brands,Garnier Skin Active Micellar Clear Water,SOLD OUT,,450.0,437.0,125ml,,125.0
246,top-brands,Maybelline Fit Me Luminous + Smooth Classic Ivory 120,SOLD OUT,,1250.0,1213.0,30ml,,30.0
247,top-brands,Revlon Hair Color Silk - 45 Bright Auburn,SOLD OUT,,650.0,,59.1ml,,59.1
248,top-brands,Revlon Runway Collection 24 Nails 91027,SOLD OUT,,520.0,,,,
249,top-brands,Revlon Runway Collection 24 Nails 91031,SOLD OUT,,520.0,,,,
250,top-brands,Revlon Runway Collection 24 Nails 91038,SOLD OUT,,520.0,,,,
251,top-brands,Revlon Ultimatte All-In-One Blackest Black,SOLD OUT,,1000.0,,8.5ml,,8.5
252,top-brands,Bioderma Photoderm MAX Compact Light Tinted SPF 50+,SOLD OUT,,2350.0,,10gm,10.0,
253,top-brands,Revlon ColorBurst Lipstick - Croquette,SOLD OUT,,1132.0,,3gm,3.0,
254,top-brands,Revlon Colorsilk Hair Color Dark Auburn 3R,SOLD OUT,,525.0,,,,
255,top-brands,Revlon Touch & Glow Moisturising Powder Natural Matte,SOLD OUT,,780.0,,12gm,12.0,
256,top-brands,Revlon Colorstay One Stroke Defining Eyeliner Kajal Blackest Black,SOLD OUT,,1100.0,,1.2gm,1.2,
257,top-brands,Revlon Beyond Natural Lashes 91305,SOLD OUT,,275.0,,,,
258,top-brands,Bioderma Photoderm MAX Compact Light Tinted SPF 50+,SOLD OUT,,2350.0,,10gm,10.0,
259,top-brands,Revlon ColorBurst Lipstick - Croquette,SOLD OUT,,1132.0,,3gm,3.0,
260,top-brands,Revlon Colorsilk Hair Color Dark Auburn 3R,SOLD OUT,,525.0,,,,
261,top-brands,Revlon Touch & Glow Moisturising Powder Natural Matte,SOLD OUT,,780.0,,12gm,12.0,
262,top-brands,Revlon Colorstay One Stroke Defining Eyeliner Kajal Blackest Black,SOLD OUT,,1100.0,,1.2gm,1.2,
263,top-brands,Revlon Beyond Natural Lashes 91305,SOLD OUT,,275.0,,,,
264,top-brands,Bioderma Photoderm MAX Compact Light Tinted SPF 50+,SOLD OUT,,2350.0,,10gm,10.0,
265,top-brands,Revlon ColorBurst Lipstick - Croquette,SOLD OUT,,1132.0,,3gm,3.0,
266,top-brands,Revlon Colorsilk Hair Color Dark Auburn 3R,SOLD OUT,,525.0,,,,
267,top-brands,Revlon Touch & Glow Moisturising Powder Natural Matte,SOLD OUT,,780.0,,12gm,12.0,
268,top-brands,Revlon Colorstay One Stroke Defining Eyeliner Kajal Blackest Black,SOLD OUT,,1100.0,,1.2gm,1.2,
269,top-brands,Revlon Beyond Natural Lashes 91305,SOLD OUT,,275.0,,,,
270,top-brands,Bioderma Photoderm MAX Compact Light Tinted SPF 50+,SOLD OUT,,2350.0,,10gm,10.0,
271,top-brands,Revlon ColorBurst Lipstick - Croquette,SOLD OUT,,1132.0,,3gm,3.0,
